id,port_id,date,congestion_score,data_provenance
1,1,2024-09-10,60.05,SIMULATED
2,1,2024-09-11,54.99,SIMULATED
3,1,2024-09-12,52.25,SIMULATED
4,1,2024-09-13,55.3,SIMULATED
5,1,2024-09-14,60.61,SIMULATED
6,1,2024-09-15,58.74,SIMULATED
7,1,2024-09-16,52.74,SIMULATED
8,1,2024-09-17,56.17,SIMULATED
9,1,2024-09-18,54.61,SIMULATED
10,1,2024-09-19,49.34,SIMULATED
11,1,2024-09-20,46.92,SIMULATED
12,1,2024-09-21,48.1,SIMULATED
13,1,2024-09-22,46.33,SIMULATED
14,1,2024-09-23,51.61,SIMULATED
15,1,2024-09-24,47.85,SIMULATED
16,1,2024-09-25,48.65,SIMULATED
17,1,2024-09-26,52.67,SIMULATED
18,1,2024-09-27,46.39,SIMULATED
19,1,2024-09-28,46.04,SIMULATED
20,1,2024-09-29,42.4,SIMULATED
21,1,2024-09-30,41.98,SIMULATED
22,1,2024-10-01,39.7,SIMULATED
23,1,2024-10-02,36.78,SIMULATED
24,1,2024-10-03,36.94,SIMULATED
25,1,2024-10-04,35.48,SIMULATED
26,1,2024-10-05,38.5,SIMULATED
27,1,2024-10-06,42.44,SIMULATED
28,1,2024-10-07,47.0,SIMULATED
29,1,2024-10-08,53.3,SIMULATED
30,1,2024-10-09,51.33,SIMULATED
31,1,2024-10-10,67.11,SIMULATED
32,1,2024-10-11,79.52,SIMULATED
33,1,2024-10-12,74.71,SIMULATED
34,1,2024-10-13,69.54,SIMULATED
35,1,2024-10-14,68.24,SIMULATED
36,1,2024-10-15,63.81,SIMULATED
37,1,2024-10-16,66.8,SIMULATED
38,1,2024-10-17,62.22,SIMULATED
39,1,2024-10-18,58.33,SIMULATED
40,1,2024-10-19,73.33,SIMULATED
41,1,2024-10-20,69.84,SIMULATED
42,1,2024-10-21,64.37,SIMULATED
43,1,2024-10-22,65.14,SIMULATED
44,1,2024-10-23,63.72,SIMULATED
45,1,2024-10-24,64.62,SIMULATED
46,1,2024-10-25,64.93,SIMULATED
47,1,2024-10-26,63.74,SIMULATED
48,1,2024-10-27,63.6,SIMULATED
49,1,2024-10-28,78.5,SIMULATED
50,1,2024-10-29,74.99,SIMULATED
51,1,2024-10-30,79.91,SIMULATED
52,1,2024-10-31,72.98,SIMULATED
53,1,2024-11-01,74.32,SIMULATED
54,1,2024-11-02,71.27,SIMULATED
55,1,2024-11-03,70.72,SIMULATED
56,1,2024-11-04,68.23,SIMULATED
57,1,2024-11-05,63.9,SIMULATED
58,1,2024-11-06,70.53,SIMULATED
59,1,2024-11-07,67.13,SIMULATED
60,1,2024-11-08,66.41,SIMULATED
61,1,2024-11-09,67.86,SIMULATED
62,1,2024-11-10,73.45,SIMULATED
63,1,2024-11-11,68.81,SIMULATED
64,1,2024-11-12,73.07,SIMULATED
65,1,2024-11-13,73.69,SIMULATED
66,1,2024-11-14,74.3,SIMULATED
67,1,2024-11-15,75.42,SIMULATED
68,1,2024-11-16,74.15,SIMULATED
69,1,2024-11-17,74.96,SIMULATED
70,1,2024-11-18,93.96,SIMULATED
71,1,2024-11-19,90.37,SIMULATED
72,1,2024-11-20,85.61,SIMULATED
73,1,2024-11-21,80.23,SIMULATED
74,1,2024-11-22,78.07,SIMULATED
75,1,2024-11-23,73.81,SIMULATED
76,1,2024-11-24,83.96,SIMULATED
77,1,2024-11-25,81.92,SIMULATED
78,1,2024-11-26,76.06,SIMULATED
79,1,2024-11-27,74.12,SIMULATED
80,1,2024-11-28,76.53,SIMULATED
81,1,2024-11-29,76.25,SIMULATED
82,1,2024-11-30,70.82,SIMULATED
83,1,2024-12-01,65.52,SIMULATED
84,1,2024-12-02,57.87,SIMULATED
85,1,2024-12-03,61.06,SIMULATED
86,1,2024-12-04,61.31,SIMULATED
87,1,2024-12-05,60.78,SIMULATED
88,1,2024-12-06,59.12,SIMULATED
89,1,2024-12-07,57.91,SIMULATED
90,1,2024-12-08,53.84,SIMULATED
91,1,2024-12-09,55.68,SIMULATED
92,1,2024-12-10,61.51,SIMULATED
93,1,2024-12-11,57.4,SIMULATED
94,1,2024-12-12,58.64,SIMULATED
95,1,2024-12-13,49.54,SIMULATED
96,1,2024-12-14,42.31,SIMULATED
97,1,2024-12-15,39.27,SIMULATED
98,1,2024-12-16,36.54,SIMULATED
99,1,2024-12-17,31.68,SIMULATED
100,1,2024-12-18,37.61,SIMULATED
101,1,2024-12-19,43.5,SIMULATED
102,1,2024-12-20,48.33,SIMULATED
103,1,2024-12-21,47.8,SIMULATED
104,1,2024-12-22,53.05,SIMULATED
105,1,2024-12-23,42.95,SIMULATED
106,1,2024-12-24,40.62,SIMULATED
107,1,2024-12-25,39.33,SIMULATED
108,1,2024-12-26,42.31,SIMULATED
109,1,2024-12-27,42.81,SIMULATED
110,1,2024-12-28,43.79,SIMULATED
111,1,2024-12-29,43.93,SIMULATED
112,1,2024-12-30,40.5,SIMULATED
113,1,2024-12-31,44.58,SIMULATED
114,1,2025-01-01,44.38,SIMULATED
115,1,2025-01-02,46.71,SIMULATED
116,1,2025-01-03,47.07,SIMULATED
117,1,2025-01-04,41.25,SIMULATED
118,1,2025-01-05,37.13,SIMULATED
119,1,2025-01-06,40.09,SIMULATED
120,1,2025-01-07,39.08,SIMULATED
121,1,2025-01-08,35.14,SIMULATED
122,1,2025-01-09,37.8,SIMULATED
123,1,2025-01-10,40.49,SIMULATED
124,1,2025-01-11,39.3,SIMULATED
125,1,2025-01-12,40.49,SIMULATED
126,1,2025-01-13,37.35,SIMULATED
127,1,2025-01-14,39.52,SIMULATED
128,1,2025-01-15,42.82,SIMULATED
129,1,2025-01-16,42.32,SIMULATED
130,1,2025-01-17,36.94,SIMULATED
131,1,2025-01-18,40.64,SIMULATED
132,1,2025-01-19,48.82,SIMULATED
133,1,2025-01-20,43.46,SIMULATED
134,1,2025-01-21,40.41,SIMULATED
135,1,2025-01-22,39.74,SIMULATED
136,1,2025-01-23,41.87,SIMULATED
137,1,2025-01-24,36.93,SIMULATED
138,1,2025-01-25,36.57,SIMULATED
139,1,2025-01-26,37.44,SIMULATED
140,1,2025-01-27,41.11,SIMULATED
141,1,2025-01-28,39.94,SIMULATED
142,1,2025-01-29,36.75,SIMULATED
143,1,2025-01-30,32.97,SIMULATED
144,1,2025-01-31,39.41,SIMULATED
145,1,2025-02-01,34.11,SIMULATED
146,1,2025-02-02,36.54,SIMULATED
147,1,2025-02-03,32.0,SIMULATED
148,1,2025-02-04,33.07,SIMULATED
149,1,2025-02-05,36.71,SIMULATED
150,1,2025-02-06,44.1,SIMULATED
151,1,2025-02-07,35.73,SIMULATED
152,1,2025-02-08,37.11,SIMULATED
153,1,2025-02-09,40.74,SIMULATED
154,1,2025-02-10,39.23,SIMULATED
155,1,2025-02-11,44.53,SIMULATED
156,1,2025-02-12,44.08,SIMULATED
157,1,2025-02-13,45.94,SIMULATED
158,1,2025-02-14,45.32,SIMULATED
159,1,2025-02-15,35.74,SIMULATED
160,1,2025-02-16,35.75,SIMULATED
161,1,2025-02-17,43.57,SIMULATED
162,1,2025-02-18,35.31,SIMULATED
163,1,2025-02-19,40.79,SIMULATED
164,1,2025-02-20,40.17,SIMULATED
165,1,2025-02-21,38.76,SIMULATED
166,1,2025-02-22,37.34,SIMULATED
167,1,2025-02-23,28.71,SIMULATED
168,1,2025-02-24,32.26,SIMULATED
169,1,2025-02-25,35.4,SIMULATED
170,1,2025-02-26,35.28,SIMULATED
171,1,2025-02-27,34.64,SIMULATED
172,1,2025-02-28,34.84,SIMULATED
173,1,2025-03-01,41.27,SIMULATED
174,1,2025-03-02,36.6,SIMULATED
175,1,2025-03-03,35.46,SIMULATED
176,1,2025-03-04,39.81,SIMULATED
177,1,2025-03-05,38.85,SIMULATED
178,1,2025-03-06,44.53,SIMULATED
179,1,2025-03-07,43.11,SIMULATED
180,1,2025-03-08,43.14,SIMULATED
181,1,2025-03-09,49.81,SIMULATED
182,1,2025-03-10,46.95,SIMULATED
183,1,2025-03-11,49.87,SIMULATED
184,1,2025-03-12,55.3,SIMULATED
185,1,2025-03-13,56.99,SIMULATED
186,1,2025-03-14,52.26,SIMULATED
187,1,2025-03-15,54.36,SIMULATED
188,1,2025-03-16,55.43,SIMULATED
189,1,2025-03-17,56.76,SIMULATED
190,1,2025-03-18,52.77,SIMULATED
191,1,2025-03-19,50.23,SIMULATED
192,1,2025-03-20,47.22,SIMULATED
193,1,2025-03-21,44.69,SIMULATED
194,1,2025-03-22,40.79,SIMULATED
195,1,2025-03-23,40.52,SIMULATED
196,1,2025-03-24,45.89,SIMULATED
197,1,2025-03-25,50.84,SIMULATED
198,1,2025-03-26,47.38,SIMULATED
199,1,2025-03-27,50.99,SIMULATED
200,1,2025-03-28,44.29,SIMULATED
201,1,2025-03-29,47.86,SIMULATED
202,1,2025-03-30,47.37,SIMULATED
203,1,2025-03-31,49.15,SIMULATED
204,1,2025-04-01,52.01,SIMULATED
205,1,2025-04-02,57.23,SIMULATED
206,1,2025-04-03,58.25,SIMULATED
207,1,2025-04-04,56.62,SIMULATED
208,1,2025-04-05,58.3,SIMULATED
209,1,2025-04-06,60.0,SIMULATED
210,1,2025-04-07,63.92,SIMULATED
211,1,2025-04-08,64.22,SIMULATED
212,1,2025-04-09,76.34,SIMULATED
213,1,2025-04-10,70.22,SIMULATED
214,1,2025-04-11,67.04,SIMULATED
215,1,2025-04-12,69.54,SIMULATED
216,1,2025-04-13,75.12,SIMULATED
217,1,2025-04-14,75.63,SIMULATED
218,1,2025-04-15,81.58,SIMULATED
219,1,2025-04-16,81.68,SIMULATED
220,1,2025-04-17,83.73,SIMULATED
221,1,2025-04-18,80.82,SIMULATED
222,1,2025-04-19,74.96,SIMULATED
223,1,2025-04-20,71.42,SIMULATED
224,1,2025-04-21,72.52,SIMULATED
225,1,2025-04-22,70.26,SIMULATED
226,1,2025-04-23,72.58,SIMULATED
227,1,2025-04-24,70.45,SIMULATED
228,1,2025-04-25,74.18,SIMULATED
229,1,2025-04-26,71.05,SIMULATED
230,1,2025-04-27,67.84,SIMULATED
231,1,2025-04-28,71.51,SIMULATED
232,1,2025-04-29,70.12,SIMULATED
233,1,2025-04-30,74.65,SIMULATED
234,1,2025-05-01,72.17,SIMULATED
235,1,2025-05-02,79.02,SIMULATED
236,1,2025-05-03,92.14,SIMULATED
237,1,2025-05-04,94.65,SIMULATED
238,1,2025-05-05,90.87,SIMULATED
239,1,2025-05-06,88.77,SIMULATED
240,1,2025-05-07,82.77,SIMULATED
241,1,2025-05-08,81.33,SIMULATED
242,1,2025-05-09,82.79,SIMULATED
243,1,2025-05-10,77.43,SIMULATED
244,1,2025-05-11,70.8,SIMULATED
245,1,2025-05-12,68.57,SIMULATED
246,1,2025-05-13,66.6,SIMULATED
247,1,2025-05-14,66.39,SIMULATED
248,1,2025-05-15,67.72,SIMULATED
249,1,2025-05-16,74.18,SIMULATED
250,1,2025-05-17,65.14,SIMULATED
251,1,2025-05-18,68.47,SIMULATED
252,1,2025-05-19,72.75,SIMULATED
253,1,2025-05-20,73.14,SIMULATED
254,1,2025-05-21,72.05,SIMULATED
255,1,2025-05-22,77.12,SIMULATED
256,1,2025-05-23,78.9,SIMULATED
257,1,2025-05-24,78.99,SIMULATED
258,1,2025-05-25,77.45,SIMULATED
259,1,2025-05-26,74.64,SIMULATED
260,1,2025-05-27,76.19,SIMULATED
261,1,2025-05-28,68.64,SIMULATED
262,1,2025-05-29,65.94,SIMULATED
263,1,2025-05-30,72.01,SIMULATED
264,1,2025-05-31,69.04,SIMULATED
265,1,2025-06-01,65.36,SIMULATED
266,1,2025-06-02,65.82,SIMULATED
267,1,2025-06-03,61.3,SIMULATED
268,1,2025-06-04,66.95,SIMULATED
269,1,2025-06-05,67.0,SIMULATED
270,1,2025-06-06,69.73,SIMULATED
271,1,2025-06-07,67.27,SIMULATED
272,1,2025-06-08,74.22,SIMULATED
273,1,2025-06-09,73.85,SIMULATED
274,1,2025-06-10,69.75,SIMULATED
275,1,2025-06-11,69.25,SIMULATED
276,1,2025-06-12,62.22,SIMULATED
277,1,2025-06-13,61.22,SIMULATED
278,1,2025-06-14,62.88,SIMULATED
279,1,2025-06-15,66.45,SIMULATED
280,1,2025-06-16,59.02,SIMULATED
281,1,2025-06-17,61.92,SIMULATED
282,1,2025-06-18,62.54,SIMULATED
283,1,2025-06-19,62.78,SIMULATED
284,1,2025-06-20,63.93,SIMULATED
285,1,2025-06-21,57.38,SIMULATED
286,1,2025-06-22,59.5,SIMULATED
287,1,2025-06-23,60.47,SIMULATED
288,1,2025-06-24,58.32,SIMULATED
289,1,2025-06-25,59.02,SIMULATED
290,1,2025-06-26,57.82,SIMULATED
291,1,2025-06-27,53.02,SIMULATED
292,1,2025-06-28,61.59,SIMULATED
293,1,2025-06-29,59.87,SIMULATED
294,1,2025-06-30,65.98,SIMULATED
295,1,2025-07-01,56.43,SIMULATED
296,1,2025-07-02,63.46,SIMULATED
297,1,2025-07-03,61.55,SIMULATED
298,1,2025-07-04,59.78,SIMULATED
299,1,2025-07-05,58.99,SIMULATED
300,1,2025-07-06,63.15,SIMULATED
301,1,2025-07-07,63.02,SIMULATED
302,1,2025-07-08,61.15,SIMULATED
303,1,2025-07-09,61.46,SIMULATED
304,1,2025-07-10,61.09,SIMULATED
305,1,2025-07-11,60.77,SIMULATED
306,1,2025-07-12,60.7,SIMULATED
307,1,2025-07-13,58.09,SIMULATED
308,1,2025-07-14,57.6,SIMULATED
309,1,2025-07-15,62.36,SIMULATED
310,1,2025-07-16,61.71,SIMULATED
311,1,2025-07-17,55.64,SIMULATED
312,1,2025-07-18,59.53,SIMULATED
313,1,2025-07-19,57.7,SIMULATED
314,1,2025-07-20,55.53,SIMULATED
315,1,2025-07-21,59.8,SIMULATED
316,1,2025-07-22,64.2,SIMULATED
317,1,2025-07-23,66.23,SIMULATED
318,1,2025-07-24,66.52,SIMULATED
319,1,2025-07-25,61.28,SIMULATED
320,1,2025-07-26,60.9,SIMULATED
321,1,2025-07-27,57.93,SIMULATED
322,1,2025-07-28,59.44,SIMULATED
323,1,2025-07-29,57.29,SIMULATED
324,1,2025-07-30,55.19,SIMULATED
325,1,2025-07-31,55.91,SIMULATED
326,1,2025-08-01,52.95,SIMULATED
327,1,2025-08-02,56.83,SIMULATED
328,1,2025-08-03,49.77,SIMULATED
329,1,2025-08-04,47.06,SIMULATED
330,1,2025-08-05,47.49,SIMULATED
331,1,2025-08-06,52.11,SIMULATED
332,1,2025-08-07,56.75,SIMULATED
333,1,2025-08-08,55.31,SIMULATED
334,1,2025-08-09,52.44,SIMULATED
335,1,2025-08-10,47.2,SIMULATED
336,1,2025-08-11,43.84,SIMULATED
337,1,2025-08-12,46.9,SIMULATED
338,1,2025-08-13,45.83,SIMULATED
339,1,2025-08-14,45.14,SIMULATED
340,1,2025-08-15,35.04,SIMULATED
341,1,2025-08-16,34.02,SIMULATED
342,1,2025-08-17,36.48,SIMULATED
343,1,2025-08-18,42.85,SIMULATED
344,1,2025-08-19,44.18,SIMULATED
345,1,2025-08-20,53.43,SIMULATED
346,1,2025-08-21,58.32,SIMULATED
347,1,2025-08-22,47.64,SIMULATED
348,1,2025-08-23,51.34,SIMULATED
349,1,2025-08-24,53.19,SIMULATED
350,1,2025-08-25,52.63,SIMULATED
351,1,2025-08-26,54.93,SIMULATED
352,1,2025-08-27,53.61,SIMULATED
353,1,2025-08-28,55.06,SIMULATED
354,1,2025-08-29,59.05,SIMULATED
355,1,2025-08-30,59.4,SIMULATED
356,1,2025-08-31,63.27,SIMULATED
357,1,2025-09-01,62.85,SIMULATED
358,1,2025-09-02,56.57,SIMULATED
359,1,2025-09-03,58.45,SIMULATED
360,1,2025-09-04,58.85,SIMULATED
361,1,2025-09-05,53.54,SIMULATED
362,1,2025-09-06,51.65,SIMULATED
363,1,2025-09-07,56.28,SIMULATED
364,1,2025-09-08,60.2,SIMULATED
365,1,2025-09-09,58.25,SIMULATED
366,1,2025-09-10,53.07,SIMULATED
367,1,2025-09-11,52.2,SIMULATED
368,1,2025-09-12,45.57,SIMULATED
369,1,2025-09-13,51.5,SIMULATED
370,1,2025-09-14,46.76,SIMULATED
371,1,2025-09-15,40.7,SIMULATED
372,1,2025-09-16,40.01,SIMULATED
373,1,2025-09-17,42.1,SIMULATED
374,1,2025-09-18,38.42,SIMULATED
375,1,2025-09-19,36.75,SIMULATED
376,1,2025-09-20,36.3,SIMULATED
377,1,2025-09-21,42.26,SIMULATED
378,1,2025-09-22,46.54,SIMULATED
379,1,2025-09-23,48.09,SIMULATED
380,1,2025-09-24,53.59,SIMULATED
381,1,2025-09-25,61.03,SIMULATED
382,1,2025-09-26,59.39,SIMULATED
383,1,2025-09-27,57.94,SIMULATED
384,1,2025-09-28,58.0,SIMULATED
385,1,2025-09-29,63.19,SIMULATED
386,1,2025-09-30,66.03,SIMULATED
387,1,2025-10-01,60.63,SIMULATED
388,1,2025-10-02,65.13,SIMULATED
389,1,2025-10-03,58.44,SIMULATED
390,1,2025-10-04,53.05,SIMULATED
391,1,2025-10-05,51.75,SIMULATED
392,1,2025-10-06,47.7,SIMULATED
393,1,2025-10-07,50.56,SIMULATED
394,1,2025-10-08,55.22,SIMULATED
395,1,2025-10-09,60.89,SIMULATED
396,1,2025-10-10,64.68,SIMULATED
397,1,2025-10-11,67.47,SIMULATED
398,1,2025-10-12,70.61,SIMULATED
399,1,2025-10-13,71.77,SIMULATED
400,1,2025-10-14,74.93,SIMULATED
401,1,2025-10-15,76.67,SIMULATED
402,1,2025-10-16,82.31,SIMULATED
403,1,2025-10-17,77.86,SIMULATED
404,1,2025-10-18,74.28,SIMULATED
405,1,2025-10-19,69.33,SIMULATED
406,1,2025-10-20,64.61,SIMULATED
407,1,2025-10-21,65.27,SIMULATED
408,1,2025-10-22,70.03,SIMULATED
409,1,2025-10-23,70.64,SIMULATED
410,1,2025-10-24,69.71,SIMULATED
411,1,2025-10-25,74.92,SIMULATED
412,1,2025-10-26,78.86,SIMULATED
413,1,2025-10-27,77.3,SIMULATED
414,1,2025-10-28,70.22,SIMULATED
415,1,2025-10-29,74.81,SIMULATED
416,1,2025-10-30,75.19,SIMULATED
417,1,2025-10-31,79.23,SIMULATED
418,1,2025-11-01,75.36,SIMULATED
419,1,2025-11-02,72.24,SIMULATED
420,1,2025-11-03,76.75,SIMULATED
421,1,2025-11-04,73.35,SIMULATED
422,1,2025-11-05,70.84,SIMULATED
423,1,2025-11-06,72.55,SIMULATED
424,1,2025-11-07,69.34,SIMULATED
425,1,2025-11-08,65.86,SIMULATED
426,1,2025-11-09,64.73,SIMULATED
427,1,2025-11-10,68.78,SIMULATED
428,1,2025-11-11,66.46,SIMULATED
429,1,2025-11-12,68.58,SIMULATED
430,1,2025-11-13,73.03,SIMULATED
431,1,2025-11-14,71.05,SIMULATED
432,1,2025-11-15,68.67,SIMULATED
433,1,2025-11-16,65.97,SIMULATED
434,1,2025-11-17,72.28,SIMULATED
435,1,2025-11-18,69.84,SIMULATED
436,1,2025-11-19,71.25,SIMULATED
437,1,2025-11-20,69.33,SIMULATED
438,1,2025-11-21,67.53,SIMULATED
439,1,2025-11-22,68.0,SIMULATED
440,1,2025-11-23,68.51,SIMULATED
441,1,2025-11-24,62.94,SIMULATED
442,1,2025-11-25,62.92,SIMULATED
443,1,2025-11-26,63.13,SIMULATED
444,1,2025-11-27,60.31,SIMULATED
445,1,2025-11-28,57.0,SIMULATED
446,1,2025-11-29,60.0,SIMULATED
447,1,2025-11-30,61.06,SIMULATED
448,1,2025-12-01,58.6,SIMULATED
449,1,2025-12-02,57.0,SIMULATED
450,1,2025-12-03,49.75,SIMULATED
451,1,2025-12-04,59.95,SIMULATED
452,1,2025-12-05,55.34,SIMULATED
453,1,2025-12-06,50.18,SIMULATED
454,1,2025-12-07,44.21,SIMULATED
455,1,2025-12-08,50.22,SIMULATED
456,1,2025-12-09,58.49,SIMULATED
457,1,2025-12-10,56.47,SIMULATED
458,1,2025-12-11,57.0,SIMULATED
459,1,2025-12-12,56.74,SIMULATED
460,1,2025-12-13,52.21,SIMULATED
461,1,2025-12-14,53.46,SIMULATED
462,1,2025-12-15,49.64,SIMULATED
463,1,2025-12-16,53.7,SIMULATED
464,1,2025-12-17,42.84,SIMULATED
465,1,2025-12-18,38.19,SIMULATED
466,1,2025-12-19,38.77,SIMULATED
467,1,2025-12-20,42.74,SIMULATED
468,1,2025-12-21,40.35,SIMULATED
469,1,2025-12-22,34.24,SIMULATED
470,1,2025-12-23,37.24,SIMULATED
471,1,2025-12-24,33.65,SIMULATED
472,1,2025-12-25,33.06,SIMULATED
473,1,2025-12-26,39.16,SIMULATED
474,1,2025-12-27,39.85,SIMULATED
475,1,2025-12-28,41.36,SIMULATED
476,1,2025-12-29,30.66,SIMULATED
477,1,2025-12-30,34.22,SIMULATED
478,1,2025-12-31,38.0,SIMULATED
479,1,2026-01-01,41.58,SIMULATED
480,1,2026-01-02,38.64,SIMULATED
481,1,2026-01-03,43.59,SIMULATED
482,1,2026-01-04,46.13,SIMULATED
483,1,2026-01-05,41.54,SIMULATED
484,1,2026-01-06,42.26,SIMULATED
485,1,2026-01-07,44.98,SIMULATED
486,1,2026-01-08,48.03,SIMULATED
487,1,2026-01-09,48.7,SIMULATED
488,1,2026-01-10,53.56,SIMULATED
489,1,2026-01-11,51.11,SIMULATED
490,1,2026-01-12,48.49,SIMULATED
491,1,2026-01-13,45.96,SIMULATED
492,1,2026-01-14,44.59,SIMULATED
493,1,2026-01-15,40.0,SIMULATED
494,1,2026-01-16,39.61,SIMULATED
495,1,2026-01-17,41.14,SIMULATED
496,1,2026-01-18,40.39,SIMULATED
497,1,2026-01-19,35.61,SIMULATED
498,1,2026-01-20,44.57,SIMULATED
499,1,2026-01-21,40.48,SIMULATED
500,1,2026-01-22,36.95,SIMULATED
501,1,2026-01-23,31.31,SIMULATED
502,1,2026-01-24,31.51,SIMULATED
503,1,2026-01-25,37.4,SIMULATED
504,1,2026-01-26,38.15,SIMULATED
505,1,2026-01-27,36.92,SIMULATED
506,1,2026-01-28,35.93,SIMULATED
507,1,2026-01-29,33.9,SIMULATED
508,1,2026-01-30,30.46,SIMULATED
509,1,2026-01-31,35.04,SIMULATED
510,1,2026-02-01,35.74,SIMULATED
511,1,2026-02-02,35.94,SIMULATED
512,1,2026-02-03,34.79,SIMULATED
513,1,2026-02-04,36.75,SIMULATED
514,1,2026-02-05,33.71,SIMULATED
515,1,2026-02-06,32.86,SIMULATED
516,1,2026-02-07,32.33,SIMULATED
517,1,2026-02-08,33.57,SIMULATED
518,1,2026-02-09,33.23,SIMULATED
519,1,2026-02-10,34.67,SIMULATED
520,1,2026-02-11,35.94,SIMULATED
521,1,2026-02-12,25.47,SIMULATED
522,1,2026-02-13,29.77,SIMULATED
523,1,2026-02-14,33.33,SIMULATED
524,1,2026-02-15,35.29,SIMULATED
525,1,2026-02-16,37.17,SIMULATED
526,1,2026-02-17,33.85,SIMULATED
527,1,2026-02-18,38.61,SIMULATED
528,1,2026-02-19,42.16,SIMULATED
529,1,2026-02-20,38.03,SIMULATED
530,1,2026-02-21,41.24,SIMULATED
531,1,2026-02-22,38.07,SIMULATED
532,1,2026-02-23,33.79,SIMULATED
533,1,2026-02-24,40.26,SIMULATED
534,1,2026-02-25,42.23,SIMULATED
535,1,2026-02-26,39.38,SIMULATED
536,1,2026-02-27,41.13,SIMULATED
537,1,2026-02-28,37.01,SIMULATED
538,1,2026-03-01,36.54,SIMULATED
539,1,2026-03-02,33.97,SIMULATED
540,1,2026-03-03,35.17,SIMULATED
541,1,2026-03-04,34.84,SIMULATED
542,1,2026-03-05,34.49,SIMULATED
543,1,2026-03-06,34.42,SIMULATED
544,1,2026-03-07,40.54,SIMULATED
545,1,2026-03-08,38.91,SIMULATED
546,1,2026-03-09,36.58,SIMULATED
547,1,2026-03-10,38.65,SIMULATED
548,1,2026-03-11,34.9,SIMULATED
549,1,2026-03-12,39.08,SIMULATED
550,1,2026-03-13,37.49,SIMULATED
551,1,2026-03-14,42.05,SIMULATED
552,1,2026-03-15,40.66,SIMULATED
553,1,2026-03-16,45.82,SIMULATED
554,1,2026-03-17,42.99,SIMULATED
555,1,2026-03-18,38.98,SIMULATED
556,1,2026-03-19,35.88,SIMULATED
557,1,2026-03-20,39.04,SIMULATED
558,1,2026-03-21,33.62,SIMULATED
559,1,2026-03-22,32.21,SIMULATED
560,1,2026-03-23,34.37,SIMULATED
561,1,2026-03-24,33.02,SIMULATED
562,1,2026-03-25,35.97,SIMULATED
563,1,2026-03-26,38.02,SIMULATED
564,1,2026-03-27,35.7,SIMULATED
565,1,2026-03-28,32.17,SIMULATED
566,1,2026-03-29,33.56,SIMULATED
567,1,2026-03-30,27.56,SIMULATED
568,1,2026-03-31,30.27,SIMULATED
569,1,2026-04-01,40.37,SIMULATED
570,1,2026-04-02,42.56,SIMULATED
571,1,2026-04-03,42.92,SIMULATED
572,1,2026-04-04,44.97,SIMULATED
573,1,2026-04-05,53.85,SIMULATED
574,1,2026-04-06,47.6,SIMULATED
575,1,2026-04-07,47.67,SIMULATED
576,1,2026-04-08,51.29,SIMULATED
577,1,2026-04-09,50.57,SIMULATED
578,1,2026-04-10,58.98,SIMULATED
579,1,2026-04-11,64.6,SIMULATED
580,1,2026-04-12,76.56,SIMULATED
581,1,2026-04-13,76.44,SIMULATED
582,1,2026-04-14,71.35,SIMULATED
583,1,2026-04-15,63.89,SIMULATED
584,1,2026-04-16,64.93,SIMULATED
585,1,2026-04-17,66.41,SIMULATED
586,1,2026-04-18,63.47,SIMULATED
587,1,2026-04-19,62.23,SIMULATED
588,1,2026-04-20,65.32,SIMULATED
589,1,2026-04-21,65.34,SIMULATED
590,1,2026-04-22,69.44,SIMULATED
591,1,2026-04-23,64.7,SIMULATED
592,1,2026-04-24,66.59,SIMULATED
593,1,2026-04-25,68.68,SIMULATED
594,1,2026-04-26,74.67,SIMULATED
595,1,2026-04-27,70.65,SIMULATED
596,1,2026-04-28,70.3,SIMULATED
597,1,2026-04-29,64.59,SIMULATED
598,1,2026-04-30,62.22,SIMULATED
599,1,2026-05-01,67.22,SIMULATED
600,1,2026-05-02,65.39,SIMULATED
601,1,2026-05-03,62.84,SIMULATED
602,1,2026-05-04,65.45,SIMULATED
603,1,2026-05-05,59.28,SIMULATED
604,1,2026-05-06,65.92,SIMULATED
605,1,2026-05-07,72.11,SIMULATED
606,1,2026-05-08,72.14,SIMULATED
607,1,2026-05-09,66.34,SIMULATED
608,1,2026-05-10,65.91,SIMULATED
609,1,2026-05-11,70.53,SIMULATED
610,1,2026-05-12,71.2,SIMULATED
611,1,2026-05-13,69.02,SIMULATED
612,1,2026-05-14,65.75,SIMULATED
613,1,2026-05-15,65.53,SIMULATED
614,1,2026-05-16,70.53,SIMULATED
615,1,2026-05-17,63.37,SIMULATED
616,1,2026-05-18,60.12,SIMULATED
617,1,2026-05-19,67.22,SIMULATED
618,1,2026-05-20,66.86,SIMULATED
619,1,2026-05-21,72.08,SIMULATED
620,1,2026-05-22,76.29,SIMULATED
621,1,2026-05-23,70.4,SIMULATED
622,1,2026-05-24,72.59,SIMULATED
623,1,2026-05-25,81.23,SIMULATED
624,1,2026-05-26,79.7,SIMULATED
625,1,2026-05-27,91.79,SIMULATED
626,1,2026-05-28,88.58,SIMULATED
627,1,2026-05-29,84.55,SIMULATED
628,1,2026-05-30,81.99,SIMULATED
629,1,2026-05-31,78.74,SIMULATED
630,1,2026-06-01,78.87,SIMULATED
631,1,2026-06-02,78.47,SIMULATED
632,1,2026-06-03,68.91,SIMULATED
633,1,2026-06-04,70.75,SIMULATED
634,1,2026-06-05,64.39,SIMULATED
635,1,2026-06-06,55.56,SIMULATED
636,1,2026-06-07,48.93,SIMULATED
637,1,2026-06-08,49.12,SIMULATED
638,1,2026-06-09,48.86,SIMULATED
639,1,2026-06-10,54.73,SIMULATED
640,1,2026-06-11,56.14,SIMULATED
641,1,2026-06-12,57.37,SIMULATED
642,1,2026-06-13,53.78,SIMULATED
643,1,2026-06-14,54.74,SIMULATED
644,1,2026-06-15,51.89,SIMULATED
645,1,2026-06-16,55.22,SIMULATED
646,1,2026-06-17,54.5,SIMULATED
647,1,2026-06-18,51.66,SIMULATED
648,1,2026-06-19,45.99,SIMULATED
649,1,2026-06-20,48.45,SIMULATED
650,1,2026-06-21,52.82,SIMULATED
651,1,2026-06-22,48.92,SIMULATED
652,1,2026-06-23,46.8,SIMULATED
653,1,2026-06-24,43.88,SIMULATED
654,1,2026-06-25,46.71,SIMULATED
655,1,2026-06-26,44.78,SIMULATED
656,1,2026-06-27,52.49,SIMULATED
657,1,2026-06-28,50.91,SIMULATED
658,1,2026-06-29,53.47,SIMULATED
659,1,2026-06-30,55.85,SIMULATED
660,1,2026-07-01,60.06,SIMULATED
661,1,2026-07-02,58.17,SIMULATED
662,1,2026-07-03,55.42,SIMULATED
663,1,2026-07-04,56.04,SIMULATED
664,1,2026-07-05,60.16,SIMULATED
665,1,2026-07-06,55.24,SIMULATED
666,1,2026-07-07,47.55,SIMULATED
667,1,2026-07-08,44.71,SIMULATED
668,1,2026-07-09,51.06,SIMULATED
669,1,2026-07-10,48.63,SIMULATED
670,1,2026-07-11,43.72,SIMULATED
671,1,2026-07-12,43.14,SIMULATED
672,1,2026-07-13,47.6,SIMULATED
673,1,2026-07-14,47.78,SIMULATED
674,1,2026-07-15,46.59,SIMULATED
675,1,2026-07-16,50.19,SIMULATED
676,1,2026-07-17,51.04,SIMULATED
677,1,2026-07-18,49.78,SIMULATED
678,1,2026-07-19,49.75,SIMULATED
679,1,2026-07-20,54.73,SIMULATED
680,1,2026-07-21,53.29,SIMULATED
681,1,2026-07-22,53.89,SIMULATED
682,1,2026-07-23,58.24,SIMULATED
683,1,2026-07-24,57.24,SIMULATED
684,1,2026-07-25,58.12,SIMULATED
685,1,2026-07-26,56.94,SIMULATED
686,1,2026-07-27,52.22,SIMULATED
687,1,2026-07-28,50.39,SIMULATED
688,1,2026-07-29,49.45,SIMULATED
689,1,2026-07-30,50.76,SIMULATED
690,1,2026-07-31,51.91,SIMULATED
691,1,2026-08-01,52.75,SIMULATED
692,1,2026-08-02,56.41,SIMULATED
693,1,2026-08-03,52.75,SIMULATED
694,1,2026-08-04,53.09,SIMULATED
695,1,2026-08-05,52.51,SIMULATED
696,1,2026-08-06,55.36,SIMULATED
697,1,2026-08-07,51.94,SIMULATED
698,1,2026-08-08,50.86,SIMULATED
699,1,2026-08-09,40.21,SIMULATED
700,1,2026-08-10,41.66,SIMULATED
701,1,2026-08-11,39.32,SIMULATED
702,1,2026-08-12,47.8,SIMULATED
703,1,2026-08-13,46.56,SIMULATED
704,1,2026-08-14,41.83,SIMULATED
705,1,2026-08-15,36.65,SIMULATED
706,1,2026-08-16,41.97,SIMULATED
707,1,2026-08-17,47.01,SIMULATED
708,1,2026-08-18,49.78,SIMULATED
709,1,2026-08-19,50.02,SIMULATED
710,1,2026-08-20,47.62,SIMULATED
711,1,2026-08-21,45.67,SIMULATED
712,1,2026-08-22,51.68,SIMULATED
713,1,2026-08-23,53.95,SIMULATED
714,1,2026-08-24,55.49,SIMULATED
715,1,2026-08-25,61.27,SIMULATED
716,1,2026-08-26,58.14,SIMULATED
717,1,2026-08-27,51.17,SIMULATED
718,1,2026-08-28,55.86,SIMULATED
719,1,2026-08-29,63.59,SIMULATED
720,1,2026-08-30,55.79,SIMULATED
721,1,2026-08-31,54.54,SIMULATED
722,1,2026-09-01,54.19,SIMULATED
723,1,2026-09-02,45.98,SIMULATED
724,1,2026-09-03,49.09,SIMULATED
725,1,2026-09-04,49.96,SIMULATED
726,1,2026-09-05,50.14,SIMULATED
727,1,2026-09-06,52.44,SIMULATED
728,1,2026-09-07,51.83,SIMULATED
729,1,2026-09-08,49.55,SIMULATED
730,1,2026-09-09,48.17,SIMULATED
731,1,2026-09-10,49.77,SIMULATED
732,2,2024-09-10,46.83,SIMULATED
733,2,2024-09-11,42.1,SIMULATED
734,2,2024-09-12,42.76,SIMULATED
735,2,2024-09-13,41.87,SIMULATED
736,2,2024-09-14,46.2,SIMULATED
737,2,2024-09-15,39.64,SIMULATED
738,2,2024-09-16,41.74,SIMULATED
739,2,2024-09-17,46.56,SIMULATED
740,2,2024-09-18,45.47,SIMULATED
741,2,2024-09-19,45.89,SIMULATED
742,2,2024-09-20,46.36,SIMULATED
743,2,2024-09-21,52.3,SIMULATED
744,2,2024-09-22,53.34,SIMULATED
745,2,2024-09-23,45.8,SIMULATED
746,2,2024-09-24,49.32,SIMULATED
747,2,2024-09-25,54.84,SIMULATED
748,2,2024-09-26,49.55,SIMULATED
749,2,2024-09-27,47.94,SIMULATED
750,2,2024-09-28,48.55,SIMULATED
751,2,2024-09-29,50.05,SIMULATED
752,2,2024-09-30,49.53,SIMULATED
753,2,2024-10-01,52.75,SIMULATED
754,2,2024-10-02,52.16,SIMULATED
755,2,2024-10-03,49.0,SIMULATED
756,2,2024-10-04,46.71,SIMULATED
757,2,2024-10-05,48.05,SIMULATED
758,2,2024-10-06,52.12,SIMULATED
759,2,2024-10-07,54.71,SIMULATED
760,2,2024-10-08,49.48,SIMULATED
761,2,2024-10-09,54.69,SIMULATED
762,2,2024-10-10,58.41,SIMULATED
763,2,2024-10-11,56.64,SIMULATED
764,2,2024-10-12,57.7,SIMULATED
765,2,2024-10-13,54.45,SIMULATED
766,2,2024-10-14,47.91,SIMULATED
767,2,2024-10-15,48.85,SIMULATED
768,2,2024-10-16,55.04,SIMULATED
769,2,2024-10-17,58.06,SIMULATED
770,2,2024-10-18,55.43,SIMULATED
771,2,2024-10-19,57.01,SIMULATED
772,2,2024-10-20,63.69,SIMULATED
773,2,2024-10-21,64.9,SIMULATED
774,2,2024-10-22,69.4,SIMULATED
775,2,2024-10-23,70.7,SIMULATED
776,2,2024-10-24,71.47,SIMULATED
777,2,2024-10-25,60.59,SIMULATED
778,2,2024-10-26,60.19,SIMULATED
779,2,2024-10-27,56.62,SIMULATED
780,2,2024-10-28,57.46,SIMULATED
781,2,2024-10-29,58.23,SIMULATED
782,2,2024-10-30,56.32,SIMULATED
783,2,2024-10-31,55.25,SIMULATED
784,2,2024-11-01,54.7,SIMULATED
785,2,2024-11-02,62.72,SIMULATED
786,2,2024-11-03,65.2,SIMULATED
787,2,2024-11-04,63.11,SIMULATED
788,2,2024-11-05,59.66,SIMULATED
789,2,2024-11-06,62.29,SIMULATED
790,2,2024-11-07,58.38,SIMULATED
791,2,2024-11-08,53.28,SIMULATED
792,2,2024-11-09,54.53,SIMULATED
793,2,2024-11-10,66.12,SIMULATED
794,2,2024-11-11,65.39,SIMULATED
795,2,2024-11-12,69.8,SIMULATED
796,2,2024-11-13,69.53,SIMULATED
797,2,2024-11-14,62.39,SIMULATED
798,2,2024-11-15,60.19,SIMULATED
799,2,2024-11-16,61.92,SIMULATED
800,2,2024-11-17,64.89,SIMULATED
801,2,2024-11-18,68.2,SIMULATED
802,2,2024-11-19,62.97,SIMULATED
803,2,2024-11-20,77.01,SIMULATED
804,2,2024-11-21,70.58,SIMULATED
805,2,2024-11-22,62.69,SIMULATED
806,2,2024-11-23,60.07,SIMULATED
807,2,2024-11-24,63.32,SIMULATED
808,2,2024-11-25,63.5,SIMULATED
809,2,2024-11-26,67.18,SIMULATED
810,2,2024-11-27,72.62,SIMULATED
811,2,2024-11-28,72.05,SIMULATED
812,2,2024-11-29,82.51,SIMULATED
813,2,2024-11-30,73.33,SIMULATED
814,2,2024-12-01,71.26,SIMULATED
815,2,2024-12-02,65.25,SIMULATED
816,2,2024-12-03,63.03,SIMULATED
817,2,2024-12-04,63.33,SIMULATED
818,2,2024-12-05,61.4,SIMULATED
819,2,2024-12-06,61.17,SIMULATED
820,2,2024-12-07,59.47,SIMULATED
821,2,2024-12-08,61.82,SIMULATED
822,2,2024-12-09,59.18,SIMULATED
823,2,2024-12-10,52.72,SIMULATED
824,2,2024-12-11,47.39,SIMULATED
825,2,2024-12-12,40.08,SIMULATED
826,2,2024-12-13,38.39,SIMULATED
827,2,2024-12-14,35.45,SIMULATED
828,2,2024-12-15,37.81,SIMULATED
829,2,2024-12-16,36.72,SIMULATED
830,2,2024-12-17,32.42,SIMULATED
831,2,2024-12-18,25.21,SIMULATED
832,2,2024-12-19,33.8,SIMULATED
833,2,2024-12-20,28.89,SIMULATED
834,2,2024-12-21,31.66,SIMULATED
835,2,2024-12-22,39.01,SIMULATED
836,2,2024-12-23,38.68,SIMULATED
837,2,2024-12-24,39.69,SIMULATED
838,2,2024-12-25,38.17,SIMULATED
839,2,2024-12-26,35.53,SIMULATED
840,2,2024-12-27,35.79,SIMULATED
841,2,2024-12-28,33.57,SIMULATED
842,2,2024-12-29,34.68,SIMULATED
843,2,2024-12-30,37.78,SIMULATED
844,2,2024-12-31,39.2,SIMULATED
845,2,2025-01-01,42.67,SIMULATED
846,2,2025-01-02,40.44,SIMULATED
847,2,2025-01-03,39.55,SIMULATED
848,2,2025-01-04,42.56,SIMULATED
849,2,2025-01-05,38.77,SIMULATED
850,2,2025-01-06,31.55,SIMULATED
851,2,2025-01-07,32.86,SIMULATED
852,2,2025-01-08,34.4,SIMULATED
853,2,2025-01-09,33.93,SIMULATED
854,2,2025-01-10,37.02,SIMULATED
855,2,2025-01-11,34.86,SIMULATED
856,2,2025-01-12,34.63,SIMULATED
857,2,2025-01-13,34.22,SIMULATED
858,2,2025-01-14,39.59,SIMULATED
859,2,2025-01-15,41.38,SIMULATED
860,2,2025-01-16,41.58,SIMULATED
861,2,2025-01-17,37.05,SIMULATED
862,2,2025-01-18,34.75,SIMULATED
863,2,2025-01-19,41.75,SIMULATED
864,2,2025-01-20,38.85,SIMULATED
865,2,2025-01-21,30.83,SIMULATED
866,2,2025-01-22,27.21,SIMULATED
867,2,2025-01-23,30.45,SIMULATED
868,2,2025-01-24,34.0,SIMULATED
869,2,2025-01-25,39.25,SIMULATED
870,2,2025-01-26,36.73,SIMULATED
871,2,2025-01-27,32.43,SIMULATED
872,2,2025-01-28,24.1,SIMULATED
873,2,2025-01-29,17.2,SIMULATED
874,2,2025-01-30,21.14,SIMULATED
875,2,2025-01-31,25.93,SIMULATED
876,2,2025-02-01,29.07,SIMULATED
877,2,2025-02-02,22.85,SIMULATED
878,2,2025-02-03,26.06,SIMULATED
879,2,2025-02-04,20.5,SIMULATED
880,2,2025-02-05,15.69,SIMULATED
881,2,2025-02-06,21.55,SIMULATED
882,2,2025-02-07,26.23,SIMULATED
883,2,2025-02-08,33.84,SIMULATED
884,2,2025-02-09,29.97,SIMULATED
885,2,2025-02-10,29.37,SIMULATED
886,2,2025-02-11,25.82,SIMULATED
887,2,2025-02-12,30.5,SIMULATED
888,2,2025-02-13,23.24,SIMULATED
889,2,2025-02-14,26.56,SIMULATED
890,2,2025-02-15,26.97,SIMULATED
891,2,2025-02-16,17.82,SIMULATED
892,2,2025-02-17,15.46,SIMULATED
893,2,2025-02-18,17.35,SIMULATED
894,2,2025-02-19,27.42,SIMULATED
895,2,2025-02-20,25.65,SIMULATED
896,2,2025-02-21,21.69,SIMULATED
897,2,2025-02-22,23.56,SIMULATED
898,2,2025-02-23,26.39,SIMULATED
899,2,2025-02-24,23.0,SIMULATED
900,2,2025-02-25,20.55,SIMULATED
901,2,2025-02-26,21.28,SIMULATED
902,2,2025-02-27,22.87,SIMULATED
903,2,2025-02-28,26.28,SIMULATED
904,2,2025-03-01,38.14,SIMULATED
905,2,2025-03-02,41.39,SIMULATED
906,2,2025-03-03,40.69,SIMULATED
907,2,2025-03-04,39.47,SIMULATED
908,2,2025-03-05,38.75,SIMULATED
909,2,2025-03-06,39.24,SIMULATED
910,2,2025-03-07,40.59,SIMULATED
911,2,2025-03-08,36.12,SIMULATED
912,2,2025-03-09,37.66,SIMULATED
913,2,2025-03-10,38.0,SIMULATED
914,2,2025-03-11,36.32,SIMULATED
915,2,2025-03-12,38.97,SIMULATED
916,2,2025-03-13,37.7,SIMULATED
917,2,2025-03-14,31.47,SIMULATED
918,2,2025-03-15,27.24,SIMULATED
919,2,2025-03-16,29.13,SIMULATED
920,2,2025-03-17,31.53,SIMULATED
921,2,2025-03-18,38.66,SIMULATED
922,2,2025-03-19,41.09,SIMULATED
923,2,2025-03-20,40.23,SIMULATED
924,2,2025-03-21,39.36,SIMULATED
925,2,2025-03-22,41.49,SIMULATED
926,2,2025-03-23,44.36,SIMULATED
927,2,2025-03-24,39.57,SIMULATED
928,2,2025-03-25,35.67,SIMULATED
929,2,2025-03-26,33.3,SIMULATED
930,2,2025-03-27,29.95,SIMULATED
931,2,2025-03-28,28.44,SIMULATED
932,2,2025-03-29,34.93,SIMULATED
933,2,2025-03-30,32.2,SIMULATED
934,2,2025-03-31,33.31,SIMULATED
935,2,2025-04-01,32.01,SIMULATED
936,2,2025-04-02,38.89,SIMULATED
937,2,2025-04-03,44.41,SIMULATED
938,2,2025-04-04,48.87,SIMULATED
939,2,2025-04-05,55.79,SIMULATED
940,2,2025-04-06,58.55,SIMULATED
941,2,2025-04-07,55.68,SIMULATED
942,2,2025-04-08,62.86,SIMULATED
943,2,2025-04-09,64.08,SIMULATED
944,2,2025-04-10,66.48,SIMULATED
945,2,2025-04-11,73.19,SIMULATED
946,2,2025-04-12,65.59,SIMULATED
947,2,2025-04-13,68.3,SIMULATED
948,2,2025-04-14,63.94,SIMULATED
949,2,2025-04-15,63.51,SIMULATED
950,2,2025-04-16,59.87,SIMULATED
951,2,2025-04-17,56.93,SIMULATED
952,2,2025-04-18,60.99,SIMULATED
953,2,2025-04-19,62.28,SIMULATED
954,2,2025-04-20,57.94,SIMULATED
955,2,2025-04-21,58.16,SIMULATED
956,2,2025-04-22,53.41,SIMULATED
957,2,2025-04-23,59.21,SIMULATED
958,2,2025-04-24,53.62,SIMULATED
959,2,2025-04-25,50.33,SIMULATED
960,2,2025-04-26,57.12,SIMULATED
961,2,2025-04-27,60.73,SIMULATED
962,2,2025-04-28,61.45,SIMULATED
963,2,2025-04-29,53.73,SIMULATED
964,2,2025-04-30,50.08,SIMULATED
965,2,2025-05-01,56.68,SIMULATED
966,2,2025-05-02,56.25,SIMULATED
967,2,2025-05-03,56.64,SIMULATED
968,2,2025-05-04,60.14,SIMULATED
969,2,2025-05-05,66.89,SIMULATED
970,2,2025-05-06,63.35,SIMULATED
971,2,2025-05-07,55.99,SIMULATED
972,2,2025-05-08,56.8,SIMULATED
973,2,2025-05-09,60.51,SIMULATED
974,2,2025-05-10,65.56,SIMULATED
975,2,2025-05-11,63.89,SIMULATED
976,2,2025-05-12,63.19,SIMULATED
977,2,2025-05-13,60.93,SIMULATED
978,2,2025-05-14,55.98,SIMULATED
979,2,2025-05-15,59.0,SIMULATED
980,2,2025-05-16,58.85,SIMULATED
981,2,2025-05-17,56.32,SIMULATED
982,2,2025-05-18,54.22,SIMULATED
983,2,2025-05-19,53.35,SIMULATED
984,2,2025-05-20,50.19,SIMULATED
985,2,2025-05-21,51.89,SIMULATED
986,2,2025-05-22,52.56,SIMULATED
987,2,2025-05-23,58.71,SIMULATED
988,2,2025-05-24,79.67,SIMULATED
989,2,2025-05-25,74.29,SIMULATED
990,2,2025-05-26,73.46,SIMULATED
991,2,2025-05-27,77.65,SIMULATED
992,2,2025-05-28,68.31,SIMULATED
993,2,2025-05-29,68.44,SIMULATED
994,2,2025-05-30,67.01,SIMULATED
995,2,2025-05-31,80.95,SIMULATED
996,2,2025-06-01,74.57,SIMULATED
997,2,2025-06-02,69.07,SIMULATED
998,2,2025-06-03,67.62,SIMULATED
999,2,2025-06-04,70.0,SIMULATED
1000,2,2025-06-05,68.09,SIMULATED
1001,2,2025-06-06,67.79,SIMULATED
1002,2,2025-06-07,63.36,SIMULATED
1003,2,2025-06-08,63.99,SIMULATED
1004,2,2025-06-09,55.59,SIMULATED
1005,2,2025-06-10,61.08,SIMULATED
1006,2,2025-06-11,64.99,SIMULATED
1007,2,2025-06-12,69.67,SIMULATED
1008,2,2025-06-13,62.07,SIMULATED
1009,2,2025-06-14,61.03,SIMULATED
1010,2,2025-06-15,57.55,SIMULATED
1011,2,2025-06-16,55.48,SIMULATED
1012,2,2025-06-17,48.37,SIMULATED
1013,2,2025-06-18,51.22,SIMULATED
1014,2,2025-06-19,56.77,SIMULATED
1015,2,2025-06-20,56.95,SIMULATED
1016,2,2025-06-21,61.42,SIMULATED
1017,2,2025-06-22,55.15,SIMULATED
1018,2,2025-06-23,53.71,SIMULATED
1019,2,2025-06-24,61.54,SIMULATED
1020,2,2025-06-25,59.79,SIMULATED
1021,2,2025-06-26,51.52,SIMULATED
1022,2,2025-06-27,53.41,SIMULATED
1023,2,2025-06-28,48.38,SIMULATED
1024,2,2025-06-29,49.66,SIMULATED
1025,2,2025-06-30,47.46,SIMULATED
1026,2,2025-07-01,42.65,SIMULATED
1027,2,2025-07-02,39.32,SIMULATED
1028,2,2025-07-03,43.7,SIMULATED
1029,2,2025-07-04,43.65,SIMULATED
1030,2,2025-07-05,42.27,SIMULATED
1031,2,2025-07-06,44.22,SIMULATED
1032,2,2025-07-07,48.24,SIMULATED
1033,2,2025-07-08,43.12,SIMULATED
1034,2,2025-07-09,42.63,SIMULATED
1035,2,2025-07-10,40.07,SIMULATED
1036,2,2025-07-11,45.7,SIMULATED
1037,2,2025-07-12,42.08,SIMULATED
1038,2,2025-07-13,43.74,SIMULATED
1039,2,2025-07-14,45.71,SIMULATED
1040,2,2025-07-15,43.36,SIMULATED
1041,2,2025-07-16,51.17,SIMULATED
1042,2,2025-07-17,47.98,SIMULATED
1043,2,2025-07-18,48.51,SIMULATED
1044,2,2025-07-19,45.82,SIMULATED
1045,2,2025-07-20,46.36,SIMULATED
1046,2,2025-07-21,41.99,SIMULATED
1047,2,2025-07-22,47.59,SIMULATED
1048,2,2025-07-23,47.32,SIMULATED
1049,2,2025-07-24,49.9,SIMULATED
1050,2,2025-07-25,50.57,SIMULATED
1051,2,2025-07-26,47.17,SIMULATED
1052,2,2025-07-27,54.4,SIMULATED
1053,2,2025-07-28,51.62,SIMULATED
1054,2,2025-07-29,48.68,SIMULATED
1055,2,2025-07-30,40.37,SIMULATED
1056,2,2025-07-31,37.54,SIMULATED
1057,2,2025-08-01,35.54,SIMULATED
1058,2,2025-08-02,34.92,SIMULATED
1059,2,2025-08-03,41.91,SIMULATED
1060,2,2025-08-04,39.27,SIMULATED
1061,2,2025-08-05,44.64,SIMULATED
1062,2,2025-08-06,42.26,SIMULATED
1063,2,2025-08-07,45.63,SIMULATED
1064,2,2025-08-08,40.5,SIMULATED
1065,2,2025-08-09,46.46,SIMULATED
1066,2,2025-08-10,44.24,SIMULATED
1067,2,2025-08-11,44.7,SIMULATED
1068,2,2025-08-12,44.37,SIMULATED
1069,2,2025-08-13,45.15,SIMULATED
1070,2,2025-08-14,43.7,SIMULATED
1071,2,2025-08-15,42.7,SIMULATED
1072,2,2025-08-16,41.04,SIMULATED
1073,2,2025-08-17,53.18,SIMULATED
1074,2,2025-08-18,56.22,SIMULATED
1075,2,2025-08-19,55.05,SIMULATED
1076,2,2025-08-20,48.43,SIMULATED
1077,2,2025-08-21,46.63,SIMULATED
1078,2,2025-08-22,42.74,SIMULATED
1079,2,2025-08-23,41.42,SIMULATED
1080,2,2025-08-24,41.06,SIMULATED
1081,2,2025-08-25,47.36,SIMULATED
1082,2,2025-08-26,52.62,SIMULATED
1083,2,2025-08-27,59.09,SIMULATED
1084,2,2025-08-28,57.31,SIMULATED
1085,2,2025-08-29,54.06,SIMULATED
1086,2,2025-08-30,55.33,SIMULATED
1087,2,2025-08-31,58.2,SIMULATED
1088,2,2025-09-01,58.06,SIMULATED
1089,2,2025-09-02,53.63,SIMULATED
1090,2,2025-09-03,52.14,SIMULATED
1091,2,2025-09-04,44.0,SIMULATED
1092,2,2025-09-05,40.59,SIMULATED
1093,2,2025-09-06,41.8,SIMULATED
1094,2,2025-09-07,44.93,SIMULATED
1095,2,2025-09-08,42.58,SIMULATED
1096,2,2025-09-09,50.42,SIMULATED
1097,2,2025-09-10,48.48,SIMULATED
1098,2,2025-09-11,48.2,SIMULATED
1099,2,2025-09-12,43.41,SIMULATED
1100,2,2025-09-13,49.51,SIMULATED
1101,2,2025-09-14,47.9,SIMULATED
1102,2,2025-09-15,40.4,SIMULATED
1103,2,2025-09-16,36.18,SIMULATED
1104,2,2025-09-17,38.42,SIMULATED
1105,2,2025-09-18,32.81,SIMULATED
1106,2,2025-09-19,30.36,SIMULATED
1107,2,2025-09-20,33.77,SIMULATED
1108,2,2025-09-21,34.61,SIMULATED
1109,2,2025-09-22,37.27,SIMULATED
1110,2,2025-09-23,34.61,SIMULATED
1111,2,2025-09-24,35.52,SIMULATED
1112,2,2025-09-25,36.43,SIMULATED
1113,2,2025-09-26,37.66,SIMULATED
1114,2,2025-09-27,41.45,SIMULATED
1115,2,2025-09-28,40.73,SIMULATED
1116,2,2025-09-29,39.6,SIMULATED
1117,2,2025-09-30,35.6,SIMULATED
1118,2,2025-10-01,35.94,SIMULATED
1119,2,2025-10-02,38.91,SIMULATED
1120,2,2025-10-03,40.51,SIMULATED
1121,2,2025-10-04,41.77,SIMULATED
1122,2,2025-10-05,40.81,SIMULATED
1123,2,2025-10-06,43.04,SIMULATED
1124,2,2025-10-07,49.57,SIMULATED
1125,2,2025-10-08,55.73,SIMULATED
1126,2,2025-10-09,54.39,SIMULATED
1127,2,2025-10-10,59.78,SIMULATED
1128,2,2025-10-11,62.77,SIMULATED
1129,2,2025-10-12,58.23,SIMULATED
1130,2,2025-10-13,60.79,SIMULATED
1131,2,2025-10-14,54.7,SIMULATED
1132,2,2025-10-15,59.06,SIMULATED
1133,2,2025-10-16,63.13,SIMULATED
1134,2,2025-10-17,58.99,SIMULATED
1135,2,2025-10-18,75.44,SIMULATED
1136,2,2025-10-19,79.23,SIMULATED
1137,2,2025-10-20,73.1,SIMULATED
1138,2,2025-10-21,71.81,SIMULATED
1139,2,2025-10-22,67.03,SIMULATED
1140,2,2025-10-23,66.91,SIMULATED
1141,2,2025-10-24,66.4,SIMULATED
1142,2,2025-10-25,62.28,SIMULATED
1143,2,2025-10-26,57.23,SIMULATED
1144,2,2025-10-27,54.9,SIMULATED
1145,2,2025-10-28,57.79,SIMULATED
1146,2,2025-10-29,57.82,SIMULATED
1147,2,2025-10-30,61.35,SIMULATED
1148,2,2025-10-31,62.21,SIMULATED
1149,2,2025-11-01,63.02,SIMULATED
1150,2,2025-11-02,58.83,SIMULATED
1151,2,2025-11-03,58.75,SIMULATED
1152,2,2025-11-04,55.56,SIMULATED
1153,2,2025-11-05,55.47,SIMULATED
1154,2,2025-11-06,50.17,SIMULATED
1155,2,2025-11-07,53.77,SIMULATED
1156,2,2025-11-08,47.57,SIMULATED
1157,2,2025-11-09,49.81,SIMULATED
1158,2,2025-11-10,51.09,SIMULATED
1159,2,2025-11-11,54.27,SIMULATED
1160,2,2025-11-12,56.42,SIMULATED
1161,2,2025-11-13,55.68,SIMULATED
1162,2,2025-11-14,59.42,SIMULATED
1163,2,2025-11-15,58.32,SIMULATED
1164,2,2025-11-16,61.32,SIMULATED
1165,2,2025-11-17,54.49,SIMULATED
1166,2,2025-11-18,54.64,SIMULATED
1167,2,2025-11-19,53.34,SIMULATED
1168,2,2025-11-20,54.09,SIMULATED
1169,2,2025-11-21,61.36,SIMULATED
1170,2,2025-11-22,63.31,SIMULATED
1171,2,2025-11-23,61.81,SIMULATED
1172,2,2025-11-24,60.6,SIMULATED
1173,2,2025-11-25,62.18,SIMULATED
1174,2,2025-11-26,63.63,SIMULATED
1175,2,2025-11-27,61.36,SIMULATED
1176,2,2025-11-28,66.3,SIMULATED
1177,2,2025-11-29,65.54,SIMULATED
1178,2,2025-11-30,65.39,SIMULATED
1179,2,2025-12-01,60.57,SIMULATED
1180,2,2025-12-02,48.02,SIMULATED
1181,2,2025-12-03,43.71,SIMULATED
1182,2,2025-12-04,37.54,SIMULATED
1183,2,2025-12-05,35.81,SIMULATED
1184,2,2025-12-06,34.63,SIMULATED
1185,2,2025-12-07,35.95,SIMULATED
1186,2,2025-12-08,36.48,SIMULATED
1187,2,2025-12-09,35.64,SIMULATED
1188,2,2025-12-10,37.01,SIMULATED
1189,2,2025-12-11,35.84,SIMULATED
1190,2,2025-12-12,35.54,SIMULATED
1191,2,2025-12-13,30.66,SIMULATED
1192,2,2025-12-14,31.42,SIMULATED
1193,2,2025-12-15,34.66,SIMULATED
1194,2,2025-12-16,36.11,SIMULATED
1195,2,2025-12-17,32.51,SIMULATED
1196,2,2025-12-18,33.6,SIMULATED
1197,2,2025-12-19,32.41,SIMULATED
1198,2,2025-12-20,36.7,SIMULATED
1199,2,2025-12-21,35.73,SIMULATED
1200,2,2025-12-22,33.55,SIMULATED
1201,2,2025-12-23,34.52,SIMULATED
1202,2,2025-12-24,32.53,SIMULATED
1203,2,2025-12-25,32.33,SIMULATED
1204,2,2025-12-26,38.98,SIMULATED
1205,2,2025-12-27,38.79,SIMULATED
1206,2,2025-12-28,37.45,SIMULATED
1207,2,2025-12-29,35.82,SIMULATED
1208,2,2025-12-30,27.84,SIMULATED
1209,2,2025-12-31,22.68,SIMULATED
1210,2,2026-01-01,22.36,SIMULATED
1211,2,2026-01-02,22.83,SIMULATED
1212,2,2026-01-03,23.54,SIMULATED
1213,2,2026-01-04,21.41,SIMULATED
1214,2,2026-01-05,28.34,SIMULATED
1215,2,2026-01-06,21.62,SIMULATED
1216,2,2026-01-07,22.55,SIMULATED
1217,2,2026-01-08,22.57,SIMULATED
1218,2,2026-01-09,22.98,SIMULATED
1219,2,2026-01-10,23.37,SIMULATED
1220,2,2026-01-11,24.34,SIMULATED
1221,2,2026-01-12,19.99,SIMULATED
1222,2,2026-01-13,15.81,SIMULATED
1223,2,2026-01-14,19.58,SIMULATED
1224,2,2026-01-15,28.02,SIMULATED
1225,2,2026-01-16,27.82,SIMULATED
1226,2,2026-01-17,30.42,SIMULATED
1227,2,2026-01-18,34.24,SIMULATED
1228,2,2026-01-19,32.56,SIMULATED
1229,2,2026-01-20,30.12,SIMULATED
1230,2,2026-01-21,31.74,SIMULATED
1231,2,2026-01-22,35.23,SIMULATED
1232,2,2026-01-23,30.47,SIMULATED
1233,2,2026-01-24,30.74,SIMULATED
1234,2,2026-01-25,35.78,SIMULATED
1235,2,2026-01-26,41.4,SIMULATED
1236,2,2026-01-27,41.71,SIMULATED
1237,2,2026-01-28,34.61,SIMULATED
1238,2,2026-01-29,35.15,SIMULATED
1239,2,2026-01-30,38.05,SIMULATED
1240,2,2026-01-31,43.55,SIMULATED
1241,2,2026-02-01,38.61,SIMULATED
1242,2,2026-02-02,41.04,SIMULATED
1243,2,2026-02-03,46.29,SIMULATED
1244,2,2026-02-04,49.98,SIMULATED
1245,2,2026-02-05,49.1,SIMULATED
1246,2,2026-02-06,46.39,SIMULATED
1247,2,2026-02-07,44.45,SIMULATED
1248,2,2026-02-08,35.48,SIMULATED
1249,2,2026-02-09,37.37,SIMULATED
1250,2,2026-02-10,41.47,SIMULATED
1251,2,2026-02-11,42.85,SIMULATED
1252,2,2026-02-12,38.76,SIMULATED
1253,2,2026-02-13,33.66,SIMULATED
1254,2,2026-02-14,35.55,SIMULATED
1255,2,2026-02-15,40.2,SIMULATED
1256,2,2026-02-16,34.11,SIMULATED
1257,2,2026-02-17,31.84,SIMULATED
1258,2,2026-02-18,34.5,SIMULATED
1259,2,2026-02-19,30.03,SIMULATED
1260,2,2026-02-20,30.03,SIMULATED
1261,2,2026-02-21,26.13,SIMULATED
1262,2,2026-02-22,30.63,SIMULATED
1263,2,2026-02-23,35.78,SIMULATED
1264,2,2026-02-24,33.14,SIMULATED
1265,2,2026-02-25,32.08,SIMULATED
1266,2,2026-02-26,39.14,SIMULATED
1267,2,2026-02-27,39.37,SIMULATED
1268,2,2026-02-28,40.68,SIMULATED
1269,2,2026-03-01,45.98,SIMULATED
1270,2,2026-03-02,43.44,SIMULATED
1271,2,2026-03-03,43.8,SIMULATED
1272,2,2026-03-04,41.59,SIMULATED
1273,2,2026-03-05,37.23,SIMULATED
1274,2,2026-03-06,30.77,SIMULATED
1275,2,2026-03-07,35.98,SIMULATED
1276,2,2026-03-08,29.38,SIMULATED
1277,2,2026-03-09,25.94,SIMULATED
1278,2,2026-03-10,26.75,SIMULATED
1279,2,2026-03-11,31.4,SIMULATED
1280,2,2026-03-12,29.09,SIMULATED
1281,2,2026-03-13,35.61,SIMULATED
1282,2,2026-03-14,33.18,SIMULATED
1283,2,2026-03-15,33.95,SIMULATED
1284,2,2026-03-16,33.99,SIMULATED
1285,2,2026-03-17,30.58,SIMULATED
1286,2,2026-03-18,33.64,SIMULATED
1287,2,2026-03-19,29.7,SIMULATED
1288,2,2026-03-20,26.14,SIMULATED
1289,2,2026-03-21,26.02,SIMULATED
1290,2,2026-03-22,27.44,SIMULATED
1291,2,2026-03-23,23.58,SIMULATED
1292,2,2026-03-24,15.75,SIMULATED
1293,2,2026-03-25,15.46,SIMULATED
1294,2,2026-03-26,12.75,SIMULATED
1295,2,2026-03-27,19.77,SIMULATED
1296,2,2026-03-28,21.39,SIMULATED
1297,2,2026-03-29,20.08,SIMULATED
1298,2,2026-03-30,22.44,SIMULATED
1299,2,2026-03-31,18.0,SIMULATED
1300,2,2026-04-01,26.49,SIMULATED
1301,2,2026-04-02,28.61,SIMULATED
1302,2,2026-04-03,31.89,SIMULATED
1303,2,2026-04-04,37.89,SIMULATED
1304,2,2026-04-05,41.71,SIMULATED
1305,2,2026-04-06,42.79,SIMULATED
1306,2,2026-04-07,39.35,SIMULATED
1307,2,2026-04-08,43.1,SIMULATED
1308,2,2026-04-09,45.77,SIMULATED
1309,2,2026-04-10,42.75,SIMULATED
1310,2,2026-04-11,48.3,SIMULATED
1311,2,2026-04-12,44.5,SIMULATED
1312,2,2026-04-13,48.33,SIMULATED
1313,2,2026-04-14,49.09,SIMULATED
1314,2,2026-04-15,50.33,SIMULATED
1315,2,2026-04-16,50.99,SIMULATED
1316,2,2026-04-17,50.66,SIMULATED
1317,2,2026-04-18,49.22,SIMULATED
1318,2,2026-04-19,53.97,SIMULATED
1319,2,2026-04-20,59.44,SIMULATED
1320,2,2026-04-21,63.9,SIMULATED
1321,2,2026-04-22,67.84,SIMULATED
1322,2,2026-04-23,71.34,SIMULATED
1323,2,2026-04-24,67.63,SIMULATED
1324,2,2026-04-25,61.3,SIMULATED
1325,2,2026-04-26,61.92,SIMULATED
1326,2,2026-04-27,61.4,SIMULATED
1327,2,2026-04-28,59.95,SIMULATED
1328,2,2026-04-29,55.14,SIMULATED
1329,2,2026-04-30,54.73,SIMULATED
1330,2,2026-05-01,64.85,SIMULATED
1331,2,2026-05-02,71.13,SIMULATED
1332,2,2026-05-03,71.43,SIMULATED
1333,2,2026-05-04,71.29,SIMULATED
1334,2,2026-05-05,82.29,SIMULATED
1335,2,2026-05-06,84.67,SIMULATED
1336,2,2026-05-07,86.25,SIMULATED
1337,2,2026-05-08,83.13,SIMULATED
1338,2,2026-05-09,79.16,SIMULATED
1339,2,2026-05-10,77.68,SIMULATED
1340,2,2026-05-11,80.71,SIMULATED
1341,2,2026-05-12,92.06,SIMULATED
1342,2,2026-05-13,89.14,SIMULATED
1343,2,2026-05-14,81.16,SIMULATED
1344,2,2026-05-15,85.27,SIMULATED
1345,2,2026-05-16,82.21,SIMULATED
1346,2,2026-05-17,81.88,SIMULATED
1347,2,2026-05-18,79.61,SIMULATED
1348,2,2026-05-19,69.9,SIMULATED
1349,2,2026-05-20,69.5,SIMULATED
1350,2,2026-05-21,60.18,SIMULATED
1351,2,2026-05-22,62.11,SIMULATED
1352,2,2026-05-23,57.61,SIMULATED
1353,2,2026-05-24,57.63,SIMULATED
1354,2,2026-05-25,64.87,SIMULATED
1355,2,2026-05-26,56.15,SIMULATED
1356,2,2026-05-27,59.69,SIMULATED
1357,2,2026-05-28,63.59,SIMULATED
1358,2,2026-05-29,60.04,SIMULATED
1359,2,2026-05-30,62.73,SIMULATED
1360,2,2026-05-31,56.22,SIMULATED
1361,2,2026-06-01,56.87,SIMULATED
1362,2,2026-06-02,54.18,SIMULATED
1363,2,2026-06-03,54.07,SIMULATED
1364,2,2026-06-04,57.45,SIMULATED
1365,2,2026-06-05,57.01,SIMULATED
1366,2,2026-06-06,57.44,SIMULATED
1367,2,2026-06-07,54.58,SIMULATED
1368,2,2026-06-08,57.22,SIMULATED
1369,2,2026-06-09,52.81,SIMULATED
1370,2,2026-06-10,55.61,SIMULATED
1371,2,2026-06-11,49.62,SIMULATED
1372,2,2026-06-12,52.53,SIMULATED
1373,2,2026-06-13,44.96,SIMULATED
1374,2,2026-06-14,44.0,SIMULATED
1375,2,2026-06-15,40.72,SIMULATED
1376,2,2026-06-16,37.36,SIMULATED
1377,2,2026-06-17,27.3,SIMULATED
1378,2,2026-06-18,33.73,SIMULATED
1379,2,2026-06-19,34.24,SIMULATED
1380,2,2026-06-20,33.86,SIMULATED
1381,2,2026-06-21,37.9,SIMULATED
1382,2,2026-06-22,34.56,SIMULATED
1383,2,2026-06-23,33.09,SIMULATED
1384,2,2026-06-24,31.37,SIMULATED
1385,2,2026-06-25,30.75,SIMULATED
1386,2,2026-06-26,27.59,SIMULATED
1387,2,2026-06-27,28.72,SIMULATED
1388,2,2026-06-28,30.11,SIMULATED
1389,2,2026-06-29,31.23,SIMULATED
1390,2,2026-06-30,37.36,SIMULATED
1391,2,2026-07-01,36.61,SIMULATED
1392,2,2026-07-02,34.84,SIMULATED
1393,2,2026-07-03,30.65,SIMULATED
1394,2,2026-07-04,28.86,SIMULATED
1395,2,2026-07-05,33.81,SIMULATED
1396,2,2026-07-06,43.89,SIMULATED
1397,2,2026-07-07,41.83,SIMULATED
1398,2,2026-07-08,42.09,SIMULATED
1399,2,2026-07-09,43.83,SIMULATED
1400,2,2026-07-10,44.34,SIMULATED
1401,2,2026-07-11,37.92,SIMULATED
1402,2,2026-07-12,31.42,SIMULATED
1403,2,2026-07-13,30.66,SIMULATED
1404,2,2026-07-14,32.44,SIMULATED
1405,2,2026-07-15,28.28,SIMULATED
1406,2,2026-07-16,26.64,SIMULATED
1407,2,2026-07-17,25.5,SIMULATED
1408,2,2026-07-18,26.43,SIMULATED
1409,2,2026-07-19,37.67,SIMULATED
1410,2,2026-07-20,34.54,SIMULATED
1411,2,2026-07-21,32.47,SIMULATED
1412,2,2026-07-22,39.31,SIMULATED
1413,2,2026-07-23,45.47,SIMULATED
1414,2,2026-07-24,45.74,SIMULATED
1415,2,2026-07-25,43.76,SIMULATED
1416,2,2026-07-26,45.37,SIMULATED
1417,2,2026-07-27,48.42,SIMULATED
1418,2,2026-07-28,46.25,SIMULATED
1419,2,2026-07-29,44.32,SIMULATED
1420,2,2026-07-30,47.73,SIMULATED
1421,2,2026-07-31,50.68,SIMULATED
1422,2,2026-08-01,49.8,SIMULATED
1423,2,2026-08-02,47.46,SIMULATED
1424,2,2026-08-03,50.85,SIMULATED
1425,2,2026-08-04,54.54,SIMULATED
1426,2,2026-08-05,55.03,SIMULATED
1427,2,2026-08-06,52.41,SIMULATED
1428,2,2026-08-07,53.43,SIMULATED
1429,2,2026-08-08,52.78,SIMULATED
1430,2,2026-08-09,52.45,SIMULATED
1431,2,2026-08-10,55.35,SIMULATED
1432,2,2026-08-11,54.79,SIMULATED
1433,2,2026-08-12,57.57,SIMULATED
1434,2,2026-08-13,54.84,SIMULATED
1435,2,2026-08-14,53.78,SIMULATED
1436,2,2026-08-15,54.75,SIMULATED
1437,2,2026-08-16,45.63,SIMULATED
1438,2,2026-08-17,43.0,SIMULATED
1439,2,2026-08-18,43.98,SIMULATED
1440,2,2026-08-19,43.88,SIMULATED
1441,2,2026-08-20,47.42,SIMULATED
1442,2,2026-08-21,42.97,SIMULATED
1443,2,2026-08-22,40.9,SIMULATED
1444,2,2026-08-23,38.86,SIMULATED
1445,2,2026-08-24,38.25,SIMULATED
1446,2,2026-08-25,36.46,SIMULATED
1447,2,2026-08-26,41.46,SIMULATED
1448,2,2026-08-27,39.6,SIMULATED
1449,2,2026-08-28,40.55,SIMULATED
1450,2,2026-08-29,43.18,SIMULATED
1451,2,2026-08-30,39.25,SIMULATED
1452,2,2026-08-31,42.61,SIMULATED
1453,2,2026-09-01,40.22,SIMULATED
1454,2,2026-09-02,41.97,SIMULATED
1455,2,2026-09-03,42.62,SIMULATED
1456,2,2026-09-04,40.74,SIMULATED
1457,2,2026-09-05,44.22,SIMULATED
1458,2,2026-09-06,45.44,SIMULATED
1459,2,2026-09-07,40.17,SIMULATED
1460,2,2026-09-08,47.81,SIMULATED
1461,2,2026-09-09,49.35,SIMULATED
1462,2,2026-09-10,48.91,SIMULATED
1463,3,2024-09-10,29.64,SIMULATED
1464,3,2024-09-11,34.19,SIMULATED
1465,3,2024-09-12,36.3,SIMULATED
1466,3,2024-09-13,38.33,SIMULATED
1467,3,2024-09-14,38.09,SIMULATED
1468,3,2024-09-15,32.14,SIMULATED
1469,3,2024-09-16,28.14,SIMULATED
1470,3,2024-09-17,33.24,SIMULATED
1471,3,2024-09-18,33.38,SIMULATED
1472,3,2024-09-19,38.18,SIMULATED
1473,3,2024-09-20,37.88,SIMULATED
1474,3,2024-09-21,35.31,SIMULATED
1475,3,2024-09-22,39.33,SIMULATED
1476,3,2024-09-23,32.07,SIMULATED
1477,3,2024-09-24,31.83,SIMULATED
1478,3,2024-09-25,34.27,SIMULATED
1479,3,2024-09-26,42.83,SIMULATED
1480,3,2024-09-27,35.99,SIMULATED
1481,3,2024-09-28,39.53,SIMULATED
1482,3,2024-09-29,45.49,SIMULATED
1483,3,2024-09-30,56.72,SIMULATED
1484,3,2024-10-01,50.58,SIMULATED
1485,3,2024-10-02,53.21,SIMULATED
1486,3,2024-10-03,56.78,SIMULATED
1487,3,2024-10-04,56.98,SIMULATED
1488,3,2024-10-05,54.39,SIMULATED
1489,3,2024-10-06,56.55,SIMULATED
1490,3,2024-10-07,56.13,SIMULATED
1491,3,2024-10-08,53.64,SIMULATED
1492,3,2024-10-09,52.99,SIMULATED
1493,3,2024-10-10,48.85,SIMULATED
1494,3,2024-10-11,50.21,SIMULATED
1495,3,2024-10-12,47.65,SIMULATED
1496,3,2024-10-13,49.93,SIMULATED
1497,3,2024-10-14,45.29,SIMULATED
1498,3,2024-10-15,41.17,SIMULATED
1499,3,2024-10-16,57.5,SIMULATED
1500,3,2024-10-17,47.3,SIMULATED
1501,3,2024-10-18,47.85,SIMULATED
1502,3,2024-10-19,48.7,SIMULATED
1503,3,2024-10-20,43.44,SIMULATED
1504,3,2024-10-21,44.86,SIMULATED
1505,3,2024-10-22,41.2,SIMULATED
1506,3,2024-10-23,48.75,SIMULATED
1507,3,2024-10-24,42.59,SIMULATED
1508,3,2024-10-25,41.22,SIMULATED
1509,3,2024-10-26,40.03,SIMULATED
1510,3,2024-10-27,43.2,SIMULATED
1511,3,2024-10-28,47.12,SIMULATED
1512,3,2024-10-29,45.67,SIMULATED
1513,3,2024-10-30,43.83,SIMULATED
1514,3,2024-10-31,43.86,SIMULATED
1515,3,2024-11-01,47.07,SIMULATED
1516,3,2024-11-02,49.51,SIMULATED
1517,3,2024-11-03,55.45,SIMULATED
1518,3,2024-11-04,49.4,SIMULATED
1519,3,2024-11-05,47.98,SIMULATED
1520,3,2024-11-06,44.8,SIMULATED
1521,3,2024-11-07,51.29,SIMULATED
1522,3,2024-11-08,53.28,SIMULATED
1523,3,2024-11-09,48.13,SIMULATED
1524,3,2024-11-10,41.07,SIMULATED
1525,3,2024-11-11,40.66,SIMULATED
1526,3,2024-11-12,41.67,SIMULATED
1527,3,2024-11-13,37.98,SIMULATED
1528,3,2024-11-14,45.89,SIMULATED
1529,3,2024-11-15,45.04,SIMULATED
1530,3,2024-11-16,41.14,SIMULATED
1531,3,2024-11-17,35.62,SIMULATED
1532,3,2024-11-18,35.07,SIMULATED
1533,3,2024-11-19,43.6,SIMULATED
1534,3,2024-11-20,66.81,SIMULATED
1535,3,2024-11-21,59.21,SIMULATED
1536,3,2024-11-22,54.34,SIMULATED
1537,3,2024-11-23,42.96,SIMULATED
1538,3,2024-11-24,56.88,SIMULATED
1539,3,2024-11-25,57.87,SIMULATED
1540,3,2024-11-26,49.23,SIMULATED
1541,3,2024-11-27,47.07,SIMULATED
1542,3,2024-11-28,49.2,SIMULATED
1543,3,2024-11-29,65.58,SIMULATED
1544,3,2024-11-30,64.5,SIMULATED
1545,3,2024-12-01,60.18,SIMULATED
1546,3,2024-12-02,48.22,SIMULATED
1547,3,2024-12-03,48.89,SIMULATED
1548,3,2024-12-04,50.83,SIMULATED
1549,3,2024-12-05,53.16,SIMULATED
1550,3,2024-12-06,48.01,SIMULATED
1551,3,2024-12-07,47.91,SIMULATED
1552,3,2024-12-08,37.05,SIMULATED
1553,3,2024-12-09,35.29,SIMULATED
1554,3,2024-12-10,31.04,SIMULATED
1555,3,2024-12-11,28.04,SIMULATED
1556,3,2024-12-12,31.24,SIMULATED
1557,3,2024-12-13,25.9,SIMULATED
1558,3,2024-12-14,20.52,SIMULATED
1559,3,2024-12-15,27.79,SIMULATED
1560,3,2024-12-16,20.47,SIMULATED
1561,3,2024-12-17,17.43,SIMULATED
1562,3,2024-12-18,13.06,SIMULATED
1563,3,2024-12-19,20.29,SIMULATED
1564,3,2024-12-20,17.33,SIMULATED
1565,3,2024-12-21,17.88,SIMULATED
1566,3,2024-12-22,16.71,SIMULATED
1567,3,2024-12-23,15.27,SIMULATED
1568,3,2024-12-24,14.02,SIMULATED
1569,3,2024-12-25,16.65,SIMULATED
1570,3,2024-12-26,21.06,SIMULATED
1571,3,2024-12-27,24.86,SIMULATED
1572,3,2024-12-28,27.06,SIMULATED
1573,3,2024-12-29,25.55,SIMULATED
1574,3,2024-12-30,25.09,SIMULATED
1575,3,2024-12-31,24.53,SIMULATED
1576,3,2025-01-01,27.77,SIMULATED
1577,3,2025-01-02,27.55,SIMULATED
1578,3,2025-01-03,32.91,SIMULATED
1579,3,2025-01-04,28.61,SIMULATED
1580,3,2025-01-05,24.57,SIMULATED
1581,3,2025-01-06,21.29,SIMULATED
1582,3,2025-01-07,13.95,SIMULATED
1583,3,2025-01-08,10.06,SIMULATED
1584,3,2025-01-09,13.95,SIMULATED
1585,3,2025-01-10,8.6,SIMULATED
1586,3,2025-01-11,5.0,SIMULATED
1587,3,2025-01-12,11.53,SIMULATED
1588,3,2025-01-13,16.18,SIMULATED
1589,3,2025-01-14,20.57,SIMULATED
1590,3,2025-01-15,17.74,SIMULATED
1591,3,2025-01-16,20.31,SIMULATED
1592,3,2025-01-17,24.56,SIMULATED
1593,3,2025-01-18,24.13,SIMULATED
1594,3,2025-01-19,23.87,SIMULATED
1595,3,2025-01-20,22.16,SIMULATED
1596,3,2025-01-21,20.67,SIMULATED
1597,3,2025-01-22,19.48,SIMULATED
1598,3,2025-01-23,14.35,SIMULATED
1599,3,2025-01-24,15.16,SIMULATED
1600,3,2025-01-25,25.26,SIMULATED
1601,3,2025-01-26,33.08,SIMULATED
1602,3,2025-01-27,38.54,SIMULATED
1603,3,2025-01-28,35.94,SIMULATED
1604,3,2025-01-29,33.01,SIMULATED
1605,3,2025-01-30,30.95,SIMULATED
1606,3,2025-01-31,30.52,SIMULATED
1607,3,2025-02-01,31.79,SIMULATED
1608,3,2025-02-02,25.19,SIMULATED
1609,3,2025-02-03,22.03,SIMULATED
1610,3,2025-02-04,21.37,SIMULATED
1611,3,2025-02-05,18.45,SIMULATED
1612,3,2025-02-06,22.36,SIMULATED
1613,3,2025-02-07,21.27,SIMULATED
1614,3,2025-02-08,23.6,SIMULATED
1615,3,2025-02-09,22.81,SIMULATED
1616,3,2025-02-10,28.67,SIMULATED
1617,3,2025-02-11,30.23,SIMULATED
1618,3,2025-02-12,29.29,SIMULATED
1619,3,2025-02-13,22.4,SIMULATED
1620,3,2025-02-14,12.69,SIMULATED
1621,3,2025-02-15,9.29,SIMULATED
1622,3,2025-02-16,17.95,SIMULATED
1623,3,2025-02-17,16.16,SIMULATED
1624,3,2025-02-18,14.69,SIMULATED
1625,3,2025-02-19,13.02,SIMULATED
1626,3,2025-02-20,16.31,SIMULATED
1627,3,2025-02-21,15.38,SIMULATED
1628,3,2025-02-22,22.3,SIMULATED
1629,3,2025-02-23,21.35,SIMULATED
1630,3,2025-02-24,19.9,SIMULATED
1631,3,2025-02-25,20.45,SIMULATED
1632,3,2025-02-26,18.54,SIMULATED
1633,3,2025-02-27,18.31,SIMULATED
1634,3,2025-02-28,21.26,SIMULATED
1635,3,2025-03-01,20.6,SIMULATED
1636,3,2025-03-02,22.44,SIMULATED
1637,3,2025-03-03,26.35,SIMULATED
1638,3,2025-03-04,24.82,SIMULATED
1639,3,2025-03-05,26.02,SIMULATED
1640,3,2025-03-06,19.04,SIMULATED
1641,3,2025-03-07,17.88,SIMULATED
1642,3,2025-03-08,23.5,SIMULATED
1643,3,2025-03-09,17.99,SIMULATED
1644,3,2025-03-10,12.07,SIMULATED
1645,3,2025-03-11,19.36,SIMULATED
1646,3,2025-03-12,21.34,SIMULATED
1647,3,2025-03-13,15.39,SIMULATED
1648,3,2025-03-14,24.75,SIMULATED
1649,3,2025-03-15,20.5,SIMULATED
1650,3,2025-03-16,22.2,SIMULATED
1651,3,2025-03-17,19.61,SIMULATED
1652,3,2025-03-18,23.11,SIMULATED
1653,3,2025-03-19,17.96,SIMULATED
1654,3,2025-03-20,15.3,SIMULATED
1655,3,2025-03-21,14.39,SIMULATED
1656,3,2025-03-22,18.96,SIMULATED
1657,3,2025-03-23,18.64,SIMULATED
1658,3,2025-03-24,18.08,SIMULATED
1659,3,2025-03-25,16.4,SIMULATED
1660,3,2025-03-26,21.36,SIMULATED
1661,3,2025-03-27,18.39,SIMULATED
1662,3,2025-03-28,14.31,SIMULATED
1663,3,2025-03-29,14.18,SIMULATED
1664,3,2025-03-30,12.67,SIMULATED
1665,3,2025-03-31,17.83,SIMULATED
1666,3,2025-04-01,18.1,SIMULATED
1667,3,2025-04-02,28.29,SIMULATED
1668,3,2025-04-03,28.29,SIMULATED
1669,3,2025-04-04,29.2,SIMULATED
1670,3,2025-04-05,32.1,SIMULATED
1671,3,2025-04-06,28.5,SIMULATED
1672,3,2025-04-07,31.45,SIMULATED
1673,3,2025-04-08,27.5,SIMULATED
1674,3,2025-04-09,26.4,SIMULATED
1675,3,2025-04-10,26.79,SIMULATED
1676,3,2025-04-11,33.08,SIMULATED
1677,3,2025-04-12,47.52,SIMULATED
1678,3,2025-04-13,54.59,SIMULATED
1679,3,2025-04-14,48.16,SIMULATED
1680,3,2025-04-15,45.48,SIMULATED
1681,3,2025-04-16,38.33,SIMULATED
1682,3,2025-04-17,37.94,SIMULATED
1683,3,2025-04-18,34.84,SIMULATED
1684,3,2025-04-19,40.74,SIMULATED
1685,3,2025-04-20,43.47,SIMULATED
1686,3,2025-04-21,42.12,SIMULATED
1687,3,2025-04-22,48.33,SIMULATED
1688,3,2025-04-23,48.22,SIMULATED
1689,3,2025-04-24,45.72,SIMULATED
1690,3,2025-04-25,53.6,SIMULATED
1691,3,2025-04-26,51.08,SIMULATED
1692,3,2025-04-27,53.04,SIMULATED
1693,3,2025-04-28,48.76,SIMULATED
1694,3,2025-04-29,42.24,SIMULATED
1695,3,2025-04-30,39.75,SIMULATED
1696,3,2025-05-01,39.34,SIMULATED
1697,3,2025-05-02,41.3,SIMULATED
1698,3,2025-05-03,36.29,SIMULATED
1699,3,2025-05-04,36.31,SIMULATED
1700,3,2025-05-05,42.28,SIMULATED
1701,3,2025-05-06,45.25,SIMULATED
1702,3,2025-05-07,44.45,SIMULATED
1703,3,2025-05-08,40.64,SIMULATED
1704,3,2025-05-09,48.07,SIMULATED
1705,3,2025-05-10,39.63,SIMULATED
1706,3,2025-05-11,39.98,SIMULATED
1707,3,2025-05-12,43.68,SIMULATED
1708,3,2025-05-13,57.19,SIMULATED
1709,3,2025-05-14,60.35,SIMULATED
1710,3,2025-05-15,56.86,SIMULATED
1711,3,2025-05-16,51.31,SIMULATED
1712,3,2025-05-17,50.18,SIMULATED
1713,3,2025-05-18,44.32,SIMULATED
1714,3,2025-05-19,42.71,SIMULATED
1715,3,2025-05-20,41.71,SIMULATED
1716,3,2025-05-21,37.45,SIMULATED
1717,3,2025-05-22,39.32,SIMULATED
1718,3,2025-05-23,39.28,SIMULATED
1719,3,2025-05-24,50.08,SIMULATED
1720,3,2025-05-25,48.25,SIMULATED
1721,3,2025-05-26,47.86,SIMULATED
1722,3,2025-05-27,48.75,SIMULATED
1723,3,2025-05-28,43.33,SIMULATED
1724,3,2025-05-29,39.64,SIMULATED
1725,3,2025-05-30,42.48,SIMULATED
1726,3,2025-05-31,37.36,SIMULATED
1727,3,2025-06-01,25.45,SIMULATED
1728,3,2025-06-02,28.06,SIMULATED
1729,3,2025-06-03,31.63,SIMULATED
1730,3,2025-06-04,34.19,SIMULATED
1731,3,2025-06-05,32.77,SIMULATED
1732,3,2025-06-06,33.49,SIMULATED
1733,3,2025-06-07,31.52,SIMULATED
1734,3,2025-06-08,25.77,SIMULATED
1735,3,2025-06-09,17.62,SIMULATED
1736,3,2025-06-10,21.03,SIMULATED
1737,3,2025-06-11,24.79,SIMULATED
1738,3,2025-06-12,26.62,SIMULATED
1739,3,2025-06-13,29.83,SIMULATED
1740,3,2025-06-14,27.07,SIMULATED
1741,3,2025-06-15,30.24,SIMULATED
1742,3,2025-06-16,29.08,SIMULATED
1743,3,2025-06-17,36.82,SIMULATED
1744,3,2025-06-18,39.56,SIMULATED
1745,3,2025-06-19,44.76,SIMULATED
1746,3,2025-06-20,43.48,SIMULATED
1747,3,2025-06-21,44.18,SIMULATED
1748,3,2025-06-22,46.04,SIMULATED
1749,3,2025-06-23,46.07,SIMULATED
1750,3,2025-06-24,40.91,SIMULATED
1751,3,2025-06-25,45.72,SIMULATED
1752,3,2025-06-26,43.51,SIMULATED
1753,3,2025-06-27,39.95,SIMULATED
1754,3,2025-06-28,38.36,SIMULATED
1755,3,2025-06-29,41.16,SIMULATED
1756,3,2025-06-30,39.76,SIMULATED
1757,3,2025-07-01,43.27,SIMULATED
1758,3,2025-07-02,42.6,SIMULATED
1759,3,2025-07-03,41.76,SIMULATED
1760,3,2025-07-04,43.64,SIMULATED
1761,3,2025-07-05,42.66,SIMULATED
1762,3,2025-07-06,41.17,SIMULATED
1763,3,2025-07-07,38.01,SIMULATED
1764,3,2025-07-08,36.9,SIMULATED
1765,3,2025-07-09,39.74,SIMULATED
1766,3,2025-07-10,34.14,SIMULATED
1767,3,2025-07-11,27.73,SIMULATED
1768,3,2025-07-12,28.14,SIMULATED
1769,3,2025-07-13,30.32,SIMULATED
1770,3,2025-07-14,27.89,SIMULATED
1771,3,2025-07-15,32.31,SIMULATED
1772,3,2025-07-16,31.77,SIMULATED
1773,3,2025-07-17,41.35,SIMULATED
1774,3,2025-07-18,34.79,SIMULATED
1775,3,2025-07-19,29.78,SIMULATED
1776,3,2025-07-20,32.36,SIMULATED
1777,3,2025-07-21,32.72,SIMULATED
1778,3,2025-07-22,33.86,SIMULATED
1779,3,2025-07-23,35.66,SIMULATED
1780,3,2025-07-24,34.67,SIMULATED
1781,3,2025-07-25,35.35,SIMULATED
1782,3,2025-07-26,32.73,SIMULATED
1783,3,2025-07-27,35.55,SIMULATED
1784,3,2025-07-28,25.27,SIMULATED
1785,3,2025-07-29,25.45,SIMULATED
1786,3,2025-07-30,25.25,SIMULATED
1787,3,2025-07-31,31.04,SIMULATED
1788,3,2025-08-01,31.63,SIMULATED
1789,3,2025-08-02,37.21,SIMULATED
1790,3,2025-08-03,31.39,SIMULATED
1791,3,2025-08-04,29.67,SIMULATED
1792,3,2025-08-05,29.92,SIMULATED
1793,3,2025-08-06,33.34,SIMULATED
1794,3,2025-08-07,32.19,SIMULATED
1795,3,2025-08-08,35.76,SIMULATED
1796,3,2025-08-09,33.17,SIMULATED
1797,3,2025-08-10,35.04,SIMULATED
1798,3,2025-08-11,38.25,SIMULATED
1799,3,2025-08-12,38.58,SIMULATED
1800,3,2025-08-13,42.61,SIMULATED
1801,3,2025-08-14,41.01,SIMULATED
1802,3,2025-08-15,48.94,SIMULATED
1803,3,2025-08-16,48.55,SIMULATED
1804,3,2025-08-17,48.15,SIMULATED
1805,3,2025-08-18,42.15,SIMULATED
1806,3,2025-08-19,44.4,SIMULATED
1807,3,2025-08-20,41.85,SIMULATED
1808,3,2025-08-21,42.49,SIMULATED
1809,3,2025-08-22,45.41,SIMULATED
1810,3,2025-08-23,47.37,SIMULATED
1811,3,2025-08-24,48.93,SIMULATED
1812,3,2025-08-25,46.68,SIMULATED
1813,3,2025-08-26,39.02,SIMULATED
1814,3,2025-08-27,35.27,SIMULATED
1815,3,2025-08-28,36.35,SIMULATED
1816,3,2025-08-29,35.54,SIMULATED
1817,3,2025-08-30,34.2,SIMULATED
1818,3,2025-08-31,36.39,SIMULATED
1819,3,2025-09-01,39.23,SIMULATED
1820,3,2025-09-02,36.13,SIMULATED
1821,3,2025-09-03,39.82,SIMULATED
1822,3,2025-09-04,42.66,SIMULATED
1823,3,2025-09-05,42.67,SIMULATED
1824,3,2025-09-06,40.45,SIMULATED
1825,3,2025-09-07,27.29,SIMULATED
1826,3,2025-09-08,35.76,SIMULATED
1827,3,2025-09-09,34.34,SIMULATED
1828,3,2025-09-10,32.82,SIMULATED
1829,3,2025-09-11,27.82,SIMULATED
1830,3,2025-09-12,29.28,SIMULATED
1831,3,2025-09-13,33.63,SIMULATED
1832,3,2025-09-14,34.92,SIMULATED
1833,3,2025-09-15,36.21,SIMULATED
1834,3,2025-09-16,39.5,SIMULATED
1835,3,2025-09-17,31.26,SIMULATED
1836,3,2025-09-18,37.83,SIMULATED
1837,3,2025-09-19,39.42,SIMULATED
1838,3,2025-09-20,39.33,SIMULATED
1839,3,2025-09-21,38.93,SIMULATED
1840,3,2025-09-22,36.22,SIMULATED
1841,3,2025-09-23,38.03,SIMULATED
1842,3,2025-09-24,39.84,SIMULATED
1843,3,2025-09-25,42.98,SIMULATED
1844,3,2025-09-26,39.05,SIMULATED
1845,3,2025-09-27,45.26,SIMULATED
1846,3,2025-09-28,43.91,SIMULATED
1847,3,2025-09-29,42.44,SIMULATED
1848,3,2025-09-30,39.27,SIMULATED
1849,3,2025-10-01,37.96,SIMULATED
1850,3,2025-10-02,31.47,SIMULATED
1851,3,2025-10-03,32.12,SIMULATED
1852,3,2025-10-04,40.57,SIMULATED
1853,3,2025-10-05,37.33,SIMULATED
1854,3,2025-10-06,41.24,SIMULATED
1855,3,2025-10-07,44.24,SIMULATED
1856,3,2025-10-08,47.4,SIMULATED
1857,3,2025-10-09,48.25,SIMULATED
1858,3,2025-10-10,43.03,SIMULATED
1859,3,2025-10-11,42.61,SIMULATED
1860,3,2025-10-12,33.69,SIMULATED
1861,3,2025-10-13,34.71,SIMULATED
1862,3,2025-10-14,35.71,SIMULATED
1863,3,2025-10-15,36.84,SIMULATED
1864,3,2025-10-16,42.9,SIMULATED
1865,3,2025-10-17,39.46,SIMULATED
1866,3,2025-10-18,37.97,SIMULATED
1867,3,2025-10-19,37.4,SIMULATED
1868,3,2025-10-20,33.84,SIMULATED
1869,3,2025-10-21,29.85,SIMULATED
1870,3,2025-10-22,33.93,SIMULATED
1871,3,2025-10-23,32.07,SIMULATED
1872,3,2025-10-24,33.35,SIMULATED
1873,3,2025-10-25,48.29,SIMULATED
1874,3,2025-10-26,48.02,SIMULATED
1875,3,2025-10-27,46.94,SIMULATED
1876,3,2025-10-28,42.14,SIMULATED
1877,3,2025-10-29,44.0,SIMULATED
1878,3,2025-10-30,41.34,SIMULATED
1879,3,2025-10-31,41.52,SIMULATED
1880,3,2025-11-01,57.22,SIMULATED
1881,3,2025-11-02,58.56,SIMULATED
1882,3,2025-11-03,53.72,SIMULATED
1883,3,2025-11-04,47.38,SIMULATED
1884,3,2025-11-05,52.5,SIMULATED
1885,3,2025-11-06,46.34,SIMULATED
1886,3,2025-11-07,46.55,SIMULATED
1887,3,2025-11-08,44.27,SIMULATED
1888,3,2025-11-09,40.42,SIMULATED
1889,3,2025-11-10,37.36,SIMULATED
1890,3,2025-11-11,37.21,SIMULATED
1891,3,2025-11-12,40.26,SIMULATED
1892,3,2025-11-13,35.51,SIMULATED
1893,3,2025-11-14,34.37,SIMULATED
1894,3,2025-11-15,38.73,SIMULATED
1895,3,2025-11-16,35.54,SIMULATED
1896,3,2025-11-17,35.19,SIMULATED
1897,3,2025-11-18,29.23,SIMULATED
1898,3,2025-11-19,33.65,SIMULATED
1899,3,2025-11-20,33.08,SIMULATED
1900,3,2025-11-21,35.15,SIMULATED
1901,3,2025-11-22,37.15,SIMULATED
1902,3,2025-11-23,35.03,SIMULATED
1903,3,2025-11-24,38.48,SIMULATED
1904,3,2025-11-25,34.99,SIMULATED
1905,3,2025-11-26,34.75,SIMULATED
1906,3,2025-11-27,39.12,SIMULATED
1907,3,2025-11-28,38.13,SIMULATED
1908,3,2025-11-29,52.63,SIMULATED
1909,3,2025-11-30,47.78,SIMULATED
1910,3,2025-12-01,43.22,SIMULATED
1911,3,2025-12-02,36.7,SIMULATED
1912,3,2025-12-03,35.38,SIMULATED
1913,3,2025-12-04,31.23,SIMULATED
1914,3,2025-12-05,27.29,SIMULATED
1915,3,2025-12-06,24.69,SIMULATED
1916,3,2025-12-07,22.4,SIMULATED
1917,3,2025-12-08,27.47,SIMULATED
1918,3,2025-12-09,28.36,SIMULATED
1919,3,2025-12-10,30.02,SIMULATED
1920,3,2025-12-11,29.28,SIMULATED
1921,3,2025-12-12,36.7,SIMULATED
1922,3,2025-12-13,35.01,SIMULATED
1923,3,2025-12-14,32.5,SIMULATED
1924,3,2025-12-15,26.94,SIMULATED
1925,3,2025-12-16,22.77,SIMULATED
1926,3,2025-12-17,18.11,SIMULATED
1927,3,2025-12-18,22.92,SIMULATED
1928,3,2025-12-19,19.01,SIMULATED
1929,3,2025-12-20,16.89,SIMULATED
1930,3,2025-12-21,16.75,SIMULATED
1931,3,2025-12-22,16.33,SIMULATED
1932,3,2025-12-23,19.66,SIMULATED
1933,3,2025-12-24,23.94,SIMULATED
1934,3,2025-12-25,21.35,SIMULATED
1935,3,2025-12-26,26.3,SIMULATED
1936,3,2025-12-27,34.98,SIMULATED
1937,3,2025-12-28,32.82,SIMULATED
1938,3,2025-12-29,25.42,SIMULATED
1939,3,2025-12-30,26.29,SIMULATED
1940,3,2025-12-31,28.3,SIMULATED
1941,3,2026-01-01,26.51,SIMULATED
1942,3,2026-01-02,25.47,SIMULATED
1943,3,2026-01-03,21.88,SIMULATED
1944,3,2026-01-04,20.09,SIMULATED
1945,3,2026-01-05,21.26,SIMULATED
1946,3,2026-01-06,24.11,SIMULATED
1947,3,2026-01-07,19.0,SIMULATED
1948,3,2026-01-08,18.45,SIMULATED
1949,3,2026-01-09,20.89,SIMULATED
1950,3,2026-01-10,18.56,SIMULATED
1951,3,2026-01-11,15.16,SIMULATED
1952,3,2026-01-12,12.48,SIMULATED
1953,3,2026-01-13,14.63,SIMULATED
1954,3,2026-01-14,14.77,SIMULATED
1955,3,2026-01-15,22.76,SIMULATED
1956,3,2026-01-16,21.69,SIMULATED
1957,3,2026-01-17,13.73,SIMULATED
1958,3,2026-01-18,8.98,SIMULATED
1959,3,2026-01-19,9.96,SIMULATED
1960,3,2026-01-20,13.08,SIMULATED
1961,3,2026-01-21,11.09,SIMULATED
1962,3,2026-01-22,17.95,SIMULATED
1963,3,2026-01-23,21.26,SIMULATED
1964,3,2026-01-24,10.5,SIMULATED
1965,3,2026-01-25,10.93,SIMULATED
1966,3,2026-01-26,14.29,SIMULATED
1967,3,2026-01-27,15.49,SIMULATED
1968,3,2026-01-28,16.53,SIMULATED
1969,3,2026-01-29,16.91,SIMULATED
1970,3,2026-01-30,20.32,SIMULATED
1971,3,2026-01-31,22.51,SIMULATED
1972,3,2026-02-01,28.35,SIMULATED
1973,3,2026-02-02,29.7,SIMULATED
1974,3,2026-02-03,27.01,SIMULATED
1975,3,2026-02-04,30.35,SIMULATED
1976,3,2026-02-05,25.99,SIMULATED
1977,3,2026-02-06,26.29,SIMULATED
1978,3,2026-02-07,27.37,SIMULATED
1979,3,2026-02-08,24.3,SIMULATED
1980,3,2026-02-09,24.76,SIMULATED
1981,3,2026-02-10,19.72,SIMULATED
1982,3,2026-02-11,21.95,SIMULATED
1983,3,2026-02-12,22.4,SIMULATED
1984,3,2026-02-13,22.47,SIMULATED
1985,3,2026-02-14,22.08,SIMULATED
1986,3,2026-02-15,29.53,SIMULATED
1987,3,2026-02-16,20.97,SIMULATED
1988,3,2026-02-17,24.7,SIMULATED
1989,3,2026-02-18,30.47,SIMULATED
1990,3,2026-02-19,32.57,SIMULATED
1991,3,2026-02-20,32.58,SIMULATED
1992,3,2026-02-21,33.84,SIMULATED
1993,3,2026-02-22,29.01,SIMULATED
1994,3,2026-02-23,31.43,SIMULATED
1995,3,2026-02-24,22.94,SIMULATED
1996,3,2026-02-25,18.43,SIMULATED
1997,3,2026-02-26,14.81,SIMULATED
1998,3,2026-02-27,12.16,SIMULATED
1999,3,2026-02-28,17.08,SIMULATED
2000,3,2026-03-01,14.46,SIMULATED
2001,3,2026-03-02,13.7,SIMULATED
2002,3,2026-03-03,12.12,SIMULATED
2003,3,2026-03-04,13.9,SIMULATED
2004,3,2026-03-05,20.74,SIMULATED
2005,3,2026-03-06,26.24,SIMULATED
2006,3,2026-03-07,26.32,SIMULATED
2007,3,2026-03-08,26.21,SIMULATED
2008,3,2026-03-09,27.83,SIMULATED
2009,3,2026-03-10,26.79,SIMULATED
2010,3,2026-03-11,19.57,SIMULATED
2011,3,2026-03-12,17.08,SIMULATED
2012,3,2026-03-13,21.66,SIMULATED
2013,3,2026-03-14,21.51,SIMULATED
2014,3,2026-03-15,22.1,SIMULATED
2015,3,2026-03-16,19.48,SIMULATED
2016,3,2026-03-17,20.0,SIMULATED
2017,3,2026-03-18,21.43,SIMULATED
2018,3,2026-03-19,32.2,SIMULATED
2019,3,2026-03-20,24.8,SIMULATED
2020,3,2026-03-21,15.74,SIMULATED
2021,3,2026-03-22,19.06,SIMULATED
2022,3,2026-03-23,18.69,SIMULATED
2023,3,2026-03-24,23.01,SIMULATED
2024,3,2026-03-25,23.21,SIMULATED
2025,3,2026-03-26,15.65,SIMULATED
2026,3,2026-03-27,21.87,SIMULATED
2027,3,2026-03-28,23.48,SIMULATED
2028,3,2026-03-29,17.47,SIMULATED
2029,3,2026-03-30,21.65,SIMULATED
2030,3,2026-03-31,23.94,SIMULATED
2031,3,2026-04-01,29.29,SIMULATED
2032,3,2026-04-02,32.55,SIMULATED
2033,3,2026-04-03,29.5,SIMULATED
2034,3,2026-04-04,33.9,SIMULATED
2035,3,2026-04-05,33.33,SIMULATED
2036,3,2026-04-06,29.85,SIMULATED
2037,3,2026-04-07,28.14,SIMULATED
2038,3,2026-04-08,26.95,SIMULATED
2039,3,2026-04-09,24.97,SIMULATED
2040,3,2026-04-10,28.04,SIMULATED
2041,3,2026-04-11,26.81,SIMULATED
2042,3,2026-04-12,34.05,SIMULATED
2043,3,2026-04-13,35.35,SIMULATED
2044,3,2026-04-14,33.44,SIMULATED
2045,3,2026-04-15,39.39,SIMULATED
2046,3,2026-04-16,43.37,SIMULATED
2047,3,2026-04-17,47.95,SIMULATED
2048,3,2026-04-18,47.72,SIMULATED
2049,3,2026-04-19,45.29,SIMULATED
2050,3,2026-04-20,50.48,SIMULATED
2051,3,2026-04-21,44.11,SIMULATED
2052,3,2026-04-22,33.67,SIMULATED
2053,3,2026-04-23,35.0,SIMULATED
2054,3,2026-04-24,36.85,SIMULATED
2055,3,2026-04-25,35.33,SIMULATED
2056,3,2026-04-26,34.96,SIMULATED
2057,3,2026-04-27,37.12,SIMULATED
2058,3,2026-04-28,38.27,SIMULATED
2059,3,2026-04-29,36.12,SIMULATED
2060,3,2026-04-30,39.95,SIMULATED
2061,3,2026-05-01,41.18,SIMULATED
2062,3,2026-05-02,37.98,SIMULATED
2063,3,2026-05-03,38.38,SIMULATED
2064,3,2026-05-04,32.63,SIMULATED
2065,3,2026-05-05,33.37,SIMULATED
2066,3,2026-05-06,32.05,SIMULATED
2067,3,2026-05-07,36.38,SIMULATED
2068,3,2026-05-08,35.19,SIMULATED
2069,3,2026-05-09,38.73,SIMULATED
2070,3,2026-05-10,38.04,SIMULATED
2071,3,2026-05-11,41.71,SIMULATED
2072,3,2026-05-12,43.34,SIMULATED
2073,3,2026-05-13,43.55,SIMULATED
2074,3,2026-05-14,32.96,SIMULATED
2075,3,2026-05-15,33.09,SIMULATED
2076,3,2026-05-16,27.79,SIMULATED
2077,3,2026-05-17,33.48,SIMULATED
2078,3,2026-05-18,32.53,SIMULATED
2079,3,2026-05-19,38.44,SIMULATED
2080,3,2026-05-20,40.53,SIMULATED
2081,3,2026-05-21,42.27,SIMULATED
2082,3,2026-05-22,47.68,SIMULATED
2083,3,2026-05-23,44.24,SIMULATED
2084,3,2026-05-24,48.09,SIMULATED
2085,3,2026-05-25,49.14,SIMULATED
2086,3,2026-05-26,41.2,SIMULATED
2087,3,2026-05-27,42.01,SIMULATED
2088,3,2026-05-28,46.83,SIMULATED
2089,3,2026-05-29,46.15,SIMULATED
2090,3,2026-05-30,43.31,SIMULATED
2091,3,2026-05-31,46.72,SIMULATED
2092,3,2026-06-01,44.24,SIMULATED
2093,3,2026-06-02,45.66,SIMULATED
2094,3,2026-06-03,44.03,SIMULATED
2095,3,2026-06-04,38.53,SIMULATED
2096,3,2026-06-05,45.28,SIMULATED
2097,3,2026-06-06,41.1,SIMULATED
2098,3,2026-06-07,40.54,SIMULATED
2099,3,2026-06-08,39.22,SIMULATED
2100,3,2026-06-09,35.82,SIMULATED
2101,3,2026-06-10,36.55,SIMULATED
2102,3,2026-06-11,37.95,SIMULATED
2103,3,2026-06-12,39.66,SIMULATED
2104,3,2026-06-13,39.93,SIMULATED
2105,3,2026-06-14,51.2,SIMULATED
2106,3,2026-06-15,49.67,SIMULATED
2107,3,2026-06-16,43.23,SIMULATED
2108,3,2026-06-17,34.49,SIMULATED
2109,3,2026-06-18,33.71,SIMULATED
2110,3,2026-06-19,29.49,SIMULATED
2111,3,2026-06-20,26.8,SIMULATED
2112,3,2026-06-21,26.97,SIMULATED
2113,3,2026-06-22,27.05,SIMULATED
2114,3,2026-06-23,31.65,SIMULATED
2115,3,2026-06-24,29.01,SIMULATED
2116,3,2026-06-25,28.29,SIMULATED
2117,3,2026-06-26,32.31,SIMULATED
2118,3,2026-06-27,23.7,SIMULATED
2119,3,2026-06-28,28.04,SIMULATED
2120,3,2026-06-29,27.93,SIMULATED
2121,3,2026-06-30,31.72,SIMULATED
2122,3,2026-07-01,26.59,SIMULATED
2123,3,2026-07-02,25.27,SIMULATED
2124,3,2026-07-03,28.4,SIMULATED
2125,3,2026-07-04,24.34,SIMULATED
2126,3,2026-07-05,27.24,SIMULATED
2127,3,2026-07-06,24.52,SIMULATED
2128,3,2026-07-07,33.16,SIMULATED
2129,3,2026-07-08,41.44,SIMULATED
2130,3,2026-07-09,43.13,SIMULATED
2131,3,2026-07-10,40.24,SIMULATED
2132,3,2026-07-11,36.83,SIMULATED
2133,3,2026-07-12,41.63,SIMULATED
2134,3,2026-07-13,43.71,SIMULATED
2135,3,2026-07-14,43.3,SIMULATED
2136,3,2026-07-15,37.39,SIMULATED
2137,3,2026-07-16,36.19,SIMULATED
2138,3,2026-07-17,41.56,SIMULATED
2139,3,2026-07-18,39.97,SIMULATED
2140,3,2026-07-19,48.98,SIMULATED
2141,3,2026-07-20,52.24,SIMULATED
2142,3,2026-07-21,48.81,SIMULATED
2143,3,2026-07-22,47.32,SIMULATED
2144,3,2026-07-23,46.73,SIMULATED
2145,3,2026-07-24,42.29,SIMULATED
2146,3,2026-07-25,41.51,SIMULATED
2147,3,2026-07-26,39.05,SIMULATED
2148,3,2026-07-27,35.83,SIMULATED
2149,3,2026-07-28,34.86,SIMULATED
2150,3,2026-07-29,32.47,SIMULATED
2151,3,2026-07-30,37.7,SIMULATED
2152,3,2026-07-31,35.66,SIMULATED
2153,3,2026-08-01,38.46,SIMULATED
2154,3,2026-08-02,41.19,SIMULATED
2155,3,2026-08-03,37.08,SIMULATED
2156,3,2026-08-04,28.69,SIMULATED
2157,3,2026-08-05,24.61,SIMULATED
2158,3,2026-08-06,27.29,SIMULATED
2159,3,2026-08-07,36.82,SIMULATED
2160,3,2026-08-08,34.0,SIMULATED
2161,3,2026-08-09,36.8,SIMULATED
2162,3,2026-08-10,38.53,SIMULATED
2163,3,2026-08-11,37.9,SIMULATED
2164,3,2026-08-12,42.38,SIMULATED
2165,3,2026-08-13,41.32,SIMULATED
2166,3,2026-08-14,43.85,SIMULATED
2167,3,2026-08-15,50.25,SIMULATED
2168,3,2026-08-16,46.91,SIMULATED
2169,3,2026-08-17,45.93,SIMULATED
2170,3,2026-08-18,43.54,SIMULATED
2171,3,2026-08-19,38.39,SIMULATED
2172,3,2026-08-20,43.11,SIMULATED
2173,3,2026-08-21,44.75,SIMULATED
2174,3,2026-08-22,48.26,SIMULATED
2175,3,2026-08-23,50.78,SIMULATED
2176,3,2026-08-24,50.04,SIMULATED
2177,3,2026-08-25,43.91,SIMULATED
2178,3,2026-08-26,37.53,SIMULATED
2179,3,2026-08-27,35.94,SIMULATED
2180,3,2026-08-28,35.59,SIMULATED
2181,3,2026-08-29,39.12,SIMULATED
2182,3,2026-08-30,38.16,SIMULATED
2183,3,2026-08-31,42.5,SIMULATED
2184,3,2026-09-01,39.95,SIMULATED
2185,3,2026-09-02,44.41,SIMULATED
2186,3,2026-09-03,39.91,SIMULATED
2187,3,2026-09-04,44.76,SIMULATED
2188,3,2026-09-05,40.35,SIMULATED
2189,3,2026-09-06,33.3,SIMULATED
2190,3,2026-09-07,33.51,SIMULATED
2191,3,2026-09-08,32.77,SIMULATED
2192,3,2026-09-09,23.23,SIMULATED
2193,3,2026-09-10,23.98,SIMULATED
2194,4,2024-09-10,73.12,SIMULATED
2195,4,2024-09-11,66.69,SIMULATED
2196,4,2024-09-12,64.7,SIMULATED
2197,4,2024-09-13,69.08,SIMULATED
2198,4,2024-09-14,73.83,SIMULATED
2199,4,2024-09-15,77.95,SIMULATED
2200,4,2024-09-16,73.75,SIMULATED
2201,4,2024-09-17,74.56,SIMULATED
2202,4,2024-09-18,67.92,SIMULATED
2203,4,2024-09-19,69.71,SIMULATED
2204,4,2024-09-20,68.56,SIMULATED
2205,4,2024-09-21,71.85,SIMULATED
2206,4,2024-09-22,72.76,SIMULATED
2207,4,2024-09-23,73.65,SIMULATED
2208,4,2024-09-24,73.91,SIMULATED
2209,4,2024-09-25,72.64,SIMULATED
2210,4,2024-09-26,72.29,SIMULATED
2211,4,2024-09-27,71.67,SIMULATED
2212,4,2024-09-28,72.99,SIMULATED
2213,4,2024-09-29,75.86,SIMULATED
2214,4,2024-09-30,77.85,SIMULATED
2215,4,2024-10-01,74.33,SIMULATED
2216,4,2024-10-02,72.29,SIMULATED
2217,4,2024-10-03,73.58,SIMULATED
2218,4,2024-10-04,74.15,SIMULATED
2219,4,2024-10-05,77.89,SIMULATED
2220,4,2024-10-06,71.05,SIMULATED
2221,4,2024-10-07,70.21,SIMULATED
2222,4,2024-10-08,68.91,SIMULATED
2223,4,2024-10-09,73.91,SIMULATED
2224,4,2024-10-10,74.85,SIMULATED
2225,4,2024-10-11,74.31,SIMULATED
2226,4,2024-10-12,71.15,SIMULATED
2227,4,2024-10-13,68.55,SIMULATED
2228,4,2024-10-14,77.92,SIMULATED
2229,4,2024-10-15,82.53,SIMULATED
2230,4,2024-10-16,78.85,SIMULATED
2231,4,2024-10-17,79.35,SIMULATED
2232,4,2024-10-18,85.42,SIMULATED
2233,4,2024-10-19,89.03,SIMULATED
2234,4,2024-10-20,86.21,SIMULATED
2235,4,2024-10-21,85.63,SIMULATED
2236,4,2024-10-22,83.92,SIMULATED
2237,4,2024-10-23,86.49,SIMULATED
2238,4,2024-10-24,89.26,SIMULATED
2239,4,2024-10-25,91.2,SIMULATED
2240,4,2024-10-26,91.5,SIMULATED
2241,4,2024-10-27,91.07,SIMULATED
2242,4,2024-10-28,89.5,SIMULATED
2243,4,2024-10-29,90.26,SIMULATED
2244,4,2024-10-30,93.27,SIMULATED
2245,4,2024-10-31,91.69,SIMULATED
2246,4,2024-11-01,93.71,SIMULATED
2247,4,2024-11-02,98.0,SIMULATED
2248,4,2024-11-03,97.23,SIMULATED
2249,4,2024-11-04,96.54,SIMULATED
2250,4,2024-11-05,98.0,SIMULATED
2251,4,2024-11-06,93.89,SIMULATED
2252,4,2024-11-07,92.74,SIMULATED
2253,4,2024-11-08,94.46,SIMULATED
2254,4,2024-11-09,93.52,SIMULATED
2255,4,2024-11-10,89.7,SIMULATED
2256,4,2024-11-11,89.16,SIMULATED
2257,4,2024-11-12,89.28,SIMULATED
2258,4,2024-11-13,84.82,SIMULATED
2259,4,2024-11-14,85.85,SIMULATED
2260,4,2024-11-15,80.6,SIMULATED
2261,4,2024-11-16,86.13,SIMULATED
2262,4,2024-11-17,84.42,SIMULATED
2263,4,2024-11-18,88.9,SIMULATED
2264,4,2024-11-19,90.02,SIMULATED
2265,4,2024-11-20,90.26,SIMULATED
2266,4,2024-11-21,91.94,SIMULATED
2267,4,2024-11-22,90.46,SIMULATED
2268,4,2024-11-23,94.18,SIMULATED
2269,4,2024-11-24,93.07,SIMULATED
2270,4,2024-11-25,95.94,SIMULATED
2271,4,2024-11-26,94.28,SIMULATED
2272,4,2024-11-27,91.27,SIMULATED
2273,4,2024-11-28,87.4,SIMULATED
2274,4,2024-11-29,86.01,SIMULATED
2275,4,2024-11-30,84.97,SIMULATED
2276,4,2024-12-01,81.69,SIMULATED
2277,4,2024-12-02,87.76,SIMULATED
2278,4,2024-12-03,89.74,SIMULATED
2279,4,2024-12-04,90.81,SIMULATED
2280,4,2024-12-05,86.39,SIMULATED
2281,4,2024-12-06,81.99,SIMULATED
2282,4,2024-12-07,79.67,SIMULATED
2283,4,2024-12-08,75.41,SIMULATED
2284,4,2024-12-09,69.52,SIMULATED
2285,4,2024-12-10,67.08,SIMULATED
2286,4,2024-12-11,60.93,SIMULATED
2287,4,2024-12-12,64.63,SIMULATED
2288,4,2024-12-13,64.84,SIMULATED
2289,4,2024-12-14,59.15,SIMULATED
2290,4,2024-12-15,58.03,SIMULATED
2291,4,2024-12-16,47.75,SIMULATED
2292,4,2024-12-17,49.39,SIMULATED
2293,4,2024-12-18,51.13,SIMULATED
2294,4,2024-12-19,44.91,SIMULATED
2295,4,2024-12-20,50.73,SIMULATED
2296,4,2024-12-21,51.17,SIMULATED
2297,4,2024-12-22,45.5,SIMULATED
2298,4,2024-12-23,44.64,SIMULATED
2299,4,2024-12-24,49.96,SIMULATED
2300,4,2024-12-25,50.03,SIMULATED
2301,4,2024-12-26,53.78,SIMULATED
2302,4,2024-12-27,50.44,SIMULATED
2303,4,2024-12-28,54.05,SIMULATED
2304,4,2024-12-29,52.27,SIMULATED
2305,4,2024-12-30,50.68,SIMULATED
2306,4,2024-12-31,53.15,SIMULATED
2307,4,2025-01-01,53.57,SIMULATED
2308,4,2025-01-02,49.23,SIMULATED
2309,4,2025-01-03,53.57,SIMULATED
2310,4,2025-01-04,53.04,SIMULATED
2311,4,2025-01-05,50.12,SIMULATED
2312,4,2025-01-06,47.71,SIMULATED
2313,4,2025-01-07,51.46,SIMULATED
2314,4,2025-01-08,49.12,SIMULATED
2315,4,2025-01-09,45.89,SIMULATED
2316,4,2025-01-10,44.23,SIMULATED
2317,4,2025-01-11,46.44,SIMULATED
2318,4,2025-01-12,51.03,SIMULATED
2319,4,2025-01-13,51.67,SIMULATED
2320,4,2025-01-14,54.18,SIMULATED
2321,4,2025-01-15,53.07,SIMULATED
2322,4,2025-01-16,56.76,SIMULATED
2323,4,2025-01-17,61.17,SIMULATED
2324,4,2025-01-18,57.9,SIMULATED
2325,4,2025-01-19,57.0,SIMULATED
2326,4,2025-01-20,55.83,SIMULATED
2327,4,2025-01-21,58.75,SIMULATED
2328,4,2025-01-22,57.55,SIMULATED
2329,4,2025-01-23,60.97,SIMULATED
2330,4,2025-01-24,58.18,SIMULATED
2331,4,2025-01-25,57.26,SIMULATED
2332,4,2025-01-26,53.41,SIMULATED
2333,4,2025-01-27,55.0,SIMULATED
2334,4,2025-01-28,50.99,SIMULATED
2335,4,2025-01-29,50.38,SIMULATED
2336,4,2025-01-30,51.12,SIMULATED
2337,4,2025-01-31,49.71,SIMULATED
2338,4,2025-02-01,50.04,SIMULATED
2339,4,2025-02-02,43.67,SIMULATED
2340,4,2025-02-03,50.42,SIMULATED
2341,4,2025-02-04,49.39,SIMULATED
2342,4,2025-02-05,45.07,SIMULATED
2343,4,2025-02-06,43.08,SIMULATED
2344,4,2025-02-07,40.35,SIMULATED
2345,4,2025-02-08,40.03,SIMULATED
2346,4,2025-02-09,38.91,SIMULATED
2347,4,2025-02-10,49.65,SIMULATED
2348,4,2025-02-11,59.49,SIMULATED
2349,4,2025-02-12,63.06,SIMULATED
2350,4,2025-02-13,61.55,SIMULATED
2351,4,2025-02-14,57.98,SIMULATED
2352,4,2025-02-15,57.66,SIMULATED
2353,4,2025-02-16,59.19,SIMULATED
2354,4,2025-02-17,54.32,SIMULATED
2355,4,2025-02-18,53.84,SIMULATED
2356,4,2025-02-19,49.91,SIMULATED
2357,4,2025-02-20,53.48,SIMULATED
2358,4,2025-02-21,55.68,SIMULATED
2359,4,2025-02-22,58.49,SIMULATED
2360,4,2025-02-23,51.51,SIMULATED
2361,4,2025-02-24,54.72,SIMULATED
2362,4,2025-02-25,48.59,SIMULATED
2363,4,2025-02-26,42.94,SIMULATED
2364,4,2025-02-27,41.75,SIMULATED
2365,4,2025-02-28,49.71,SIMULATED
2366,4,2025-03-01,43.39,SIMULATED
2367,4,2025-03-02,44.81,SIMULATED
2368,4,2025-03-03,47.38,SIMULATED
2369,4,2025-03-04,44.0,SIMULATED
2370,4,2025-03-05,46.45,SIMULATED
2371,4,2025-03-06,44.43,SIMULATED
2372,4,2025-03-07,49.27,SIMULATED
2373,4,2025-03-08,51.33,SIMULATED
2374,4,2025-03-09,52.21,SIMULATED
2375,4,2025-03-10,51.17,SIMULATED
2376,4,2025-03-11,49.92,SIMULATED
2377,4,2025-03-12,46.41,SIMULATED
2378,4,2025-03-13,45.42,SIMULATED
2379,4,2025-03-14,51.85,SIMULATED
2380,4,2025-03-15,44.45,SIMULATED
2381,4,2025-03-16,53.94,SIMULATED
2382,4,2025-03-17,60.9,SIMULATED
2383,4,2025-03-18,62.47,SIMULATED
2384,4,2025-03-19,59.25,SIMULATED
2385,4,2025-03-20,53.83,SIMULATED
2386,4,2025-03-21,52.25,SIMULATED
2387,4,2025-03-22,50.18,SIMULATED
2388,4,2025-03-23,44.52,SIMULATED
2389,4,2025-03-24,41.96,SIMULATED
2390,4,2025-03-25,37.1,SIMULATED
2391,4,2025-03-26,45.63,SIMULATED
2392,4,2025-03-27,48.84,SIMULATED
2393,4,2025-03-28,47.55,SIMULATED
2394,4,2025-03-29,44.06,SIMULATED
2395,4,2025-03-30,47.49,SIMULATED
2396,4,2025-03-31,52.18,SIMULATED
2397,4,2025-04-01,53.74,SIMULATED
2398,4,2025-04-02,58.36,SIMULATED
2399,4,2025-04-03,65.1,SIMULATED
2400,4,2025-04-04,63.19,SIMULATED
2401,4,2025-04-05,71.5,SIMULATED
2402,4,2025-04-06,72.05,SIMULATED
2403,4,2025-04-07,70.99,SIMULATED
2404,4,2025-04-08,74.22,SIMULATED
2405,4,2025-04-09,70.6,SIMULATED
2406,4,2025-04-10,74.26,SIMULATED
2407,4,2025-04-11,72.6,SIMULATED
2408,4,2025-04-12,83.16,SIMULATED
2409,4,2025-04-13,83.73,SIMULATED
2410,4,2025-04-14,90.39,SIMULATED
2411,4,2025-04-15,89.21,SIMULATED
2412,4,2025-04-16,98.0,SIMULATED
2413,4,2025-04-17,96.01,SIMULATED
2414,4,2025-04-18,98.0,SIMULATED
2415,4,2025-04-19,95.73,SIMULATED
2416,4,2025-04-20,98.0,SIMULATED
2417,4,2025-04-21,96.99,SIMULATED
2418,4,2025-04-22,95.76,SIMULATED
2419,4,2025-04-23,95.72,SIMULATED
2420,4,2025-04-24,93.22,SIMULATED
2421,4,2025-04-25,89.37,SIMULATED
2422,4,2025-04-26,86.57,SIMULATED
2423,4,2025-04-27,83.54,SIMULATED
2424,4,2025-04-28,87.41,SIMULATED
2425,4,2025-04-29,84.45,SIMULATED
2426,4,2025-04-30,84.28,SIMULATED
2427,4,2025-05-01,83.53,SIMULATED
2428,4,2025-05-02,82.27,SIMULATED
2429,4,2025-05-03,77.39,SIMULATED
2430,4,2025-05-04,78.74,SIMULATED
2431,4,2025-05-05,82.49,SIMULATED
2432,4,2025-05-06,80.41,SIMULATED
2433,4,2025-05-07,79.23,SIMULATED
2434,4,2025-05-08,82.66,SIMULATED
2435,4,2025-05-09,88.73,SIMULATED
2436,4,2025-05-10,98.0,SIMULATED
2437,4,2025-05-11,98.0,SIMULATED
2438,4,2025-05-12,96.4,SIMULATED
2439,4,2025-05-13,98.0,SIMULATED
2440,4,2025-05-14,98.0,SIMULATED
2441,4,2025-05-15,98.0,SIMULATED
2442,4,2025-05-16,98.0,SIMULATED
2443,4,2025-05-17,91.53,SIMULATED
2444,4,2025-05-18,89.55,SIMULATED
2445,4,2025-05-19,89.43,SIMULATED
2446,4,2025-05-20,82.05,SIMULATED
2447,4,2025-05-21,84.45,SIMULATED
2448,4,2025-05-22,84.56,SIMULATED
2449,4,2025-05-23,89.54,SIMULATED
2450,4,2025-05-24,93.58,SIMULATED
2451,4,2025-05-25,98.0,SIMULATED
2452,4,2025-05-26,98.0,SIMULATED
2453,4,2025-05-27,96.22,SIMULATED
2454,4,2025-05-28,91.23,SIMULATED
2455,4,2025-05-29,93.04,SIMULATED
2456,4,2025-05-30,95.7,SIMULATED
2457,4,2025-05-31,93.28,SIMULATED
2458,4,2025-06-01,87.65,SIMULATED
2459,4,2025-06-02,87.59,SIMULATED
2460,4,2025-06-03,87.34,SIMULATED
2461,4,2025-06-04,82.41,SIMULATED
2462,4,2025-06-05,81.69,SIMULATED
2463,4,2025-06-06,77.88,SIMULATED
2464,4,2025-06-07,83.0,SIMULATED
2465,4,2025-06-08,84.99,SIMULATED
2466,4,2025-06-09,85.97,SIMULATED
2467,4,2025-06-10,81.88,SIMULATED
2468,4,2025-06-11,84.13,SIMULATED
2469,4,2025-06-12,89.97,SIMULATED
2470,4,2025-06-13,85.93,SIMULATED
2471,4,2025-06-14,85.47,SIMULATED
2472,4,2025-06-15,82.97,SIMULATED
2473,4,2025-06-16,84.77,SIMULATED
2474,4,2025-06-17,82.26,SIMULATED
2475,4,2025-06-18,82.15,SIMULATED
2476,4,2025-06-19,73.84,SIMULATED
2477,4,2025-06-20,71.72,SIMULATED
2478,4,2025-06-21,77.11,SIMULATED
2479,4,2025-06-22,79.7,SIMULATED
2480,4,2025-06-23,79.62,SIMULATED
2481,4,2025-06-24,75.89,SIMULATED
2482,4,2025-06-25,74.13,SIMULATED
2483,4,2025-06-26,73.38,SIMULATED
2484,4,2025-06-27,80.18,SIMULATED
2485,4,2025-06-28,83.7,SIMULATED
2486,4,2025-06-29,85.98,SIMULATED
2487,4,2025-06-30,86.16,SIMULATED
2488,4,2025-07-01,81.19,SIMULATED
2489,4,2025-07-02,75.65,SIMULATED
2490,4,2025-07-03,73.41,SIMULATED
2491,4,2025-07-04,73.43,SIMULATED
2492,4,2025-07-05,68.53,SIMULATED
2493,4,2025-07-06,70.14,SIMULATED
2494,4,2025-07-07,66.08,SIMULATED
2495,4,2025-07-08,72.02,SIMULATED
2496,4,2025-07-09,67.8,SIMULATED
2497,4,2025-07-10,70.07,SIMULATED
2498,4,2025-07-11,69.03,SIMULATED
2499,4,2025-07-12,72.3,SIMULATED
2500,4,2025-07-13,68.89,SIMULATED
2501,4,2025-07-14,70.74,SIMULATED
2502,4,2025-07-15,77.87,SIMULATED
2503,4,2025-07-16,84.19,SIMULATED
2504,4,2025-07-17,81.67,SIMULATED
2505,4,2025-07-18,86.13,SIMULATED
2506,4,2025-07-19,82.92,SIMULATED
2507,4,2025-07-20,78.07,SIMULATED
2508,4,2025-07-21,77.11,SIMULATED
2509,4,2025-07-22,79.19,SIMULATED
2510,4,2025-07-23,78.0,SIMULATED
2511,4,2025-07-24,83.43,SIMULATED
2512,4,2025-07-25,82.54,SIMULATED
2513,4,2025-07-26,79.74,SIMULATED
2514,4,2025-07-27,85.49,SIMULATED
2515,4,2025-07-28,83.32,SIMULATED
2516,4,2025-07-29,81.09,SIMULATED
2517,4,2025-07-30,78.07,SIMULATED
2518,4,2025-07-31,85.01,SIMULATED
2519,4,2025-08-01,82.86,SIMULATED
2520,4,2025-08-02,80.77,SIMULATED
2521,4,2025-08-03,77.82,SIMULATED
2522,4,2025-08-04,75.93,SIMULATED
2523,4,2025-08-05,76.2,SIMULATED
2524,4,2025-08-06,74.92,SIMULATED
2525,4,2025-08-07,70.7,SIMULATED
2526,4,2025-08-08,67.78,SIMULATED
2527,4,2025-08-09,72.58,SIMULATED
2528,4,2025-08-10,69.06,SIMULATED
2529,4,2025-08-11,71.68,SIMULATED
2530,4,2025-08-12,71.76,SIMULATED
2531,4,2025-08-13,69.68,SIMULATED
2532,4,2025-08-14,72.91,SIMULATED
2533,4,2025-08-15,79.6,SIMULATED
2534,4,2025-08-16,77.43,SIMULATED
2535,4,2025-08-17,77.31,SIMULATED
2536,4,2025-08-18,79.65,SIMULATED
2537,4,2025-08-19,81.01,SIMULATED
2538,4,2025-08-20,79.98,SIMULATED
2539,4,2025-08-21,81.73,SIMULATED
2540,4,2025-08-22,84.42,SIMULATED
2541,4,2025-08-23,84.0,SIMULATED
2542,4,2025-08-24,77.79,SIMULATED
2543,4,2025-08-25,77.14,SIMULATED
2544,4,2025-08-26,75.91,SIMULATED
2545,4,2025-08-27,73.7,SIMULATED
2546,4,2025-08-28,81.85,SIMULATED
2547,4,2025-08-29,73.84,SIMULATED
2548,4,2025-08-30,73.03,SIMULATED
2549,4,2025-08-31,70.95,SIMULATED
2550,4,2025-09-01,63.9,SIMULATED
2551,4,2025-09-02,66.9,SIMULATED
2552,4,2025-09-03,66.35,SIMULATED
2553,4,2025-09-04,62.08,SIMULATED
2554,4,2025-09-05,59.17,SIMULATED
2555,4,2025-09-06,57.53,SIMULATED
2556,4,2025-09-07,60.09,SIMULATED
2557,4,2025-09-08,56.03,SIMULATED
2558,4,2025-09-09,53.38,SIMULATED
2559,4,2025-09-10,57.09,SIMULATED
2560,4,2025-09-11,58.73,SIMULATED
2561,4,2025-09-12,59.9,SIMULATED
2562,4,2025-09-13,65.33,SIMULATED
2563,4,2025-09-14,63.77,SIMULATED
2564,4,2025-09-15,64.06,SIMULATED
2565,4,2025-09-16,60.38,SIMULATED
2566,4,2025-09-17,66.61,SIMULATED
2567,4,2025-09-18,72.0,SIMULATED
2568,4,2025-09-19,71.37,SIMULATED
2569,4,2025-09-20,78.93,SIMULATED
2570,4,2025-09-21,80.83,SIMULATED
2571,4,2025-09-22,80.49,SIMULATED
2572,4,2025-09-23,73.04,SIMULATED
2573,4,2025-09-24,66.12,SIMULATED
2574,4,2025-09-25,62.85,SIMULATED
2575,4,2025-09-26,60.47,SIMULATED
2576,4,2025-09-27,66.15,SIMULATED
2577,4,2025-09-28,67.78,SIMULATED
2578,4,2025-09-29,67.91,SIMULATED
2579,4,2025-09-30,67.31,SIMULATED
2580,4,2025-10-01,73.09,SIMULATED
2581,4,2025-10-02,73.95,SIMULATED
2582,4,2025-10-03,84.23,SIMULATED
2583,4,2025-10-04,85.08,SIMULATED
2584,4,2025-10-05,92.79,SIMULATED
2585,4,2025-10-06,90.91,SIMULATED
2586,4,2025-10-07,89.7,SIMULATED
2587,4,2025-10-08,86.91,SIMULATED
2588,4,2025-10-09,84.56,SIMULATED
2589,4,2025-10-10,86.81,SIMULATED
2590,4,2025-10-11,86.21,SIMULATED
2591,4,2025-10-12,81.6,SIMULATED
2592,4,2025-10-13,82.13,SIMULATED
2593,4,2025-10-14,86.19,SIMULATED
2594,4,2025-10-15,87.86,SIMULATED
2595,4,2025-10-16,87.37,SIMULATED
2596,4,2025-10-17,88.67,SIMULATED
2597,4,2025-10-18,90.31,SIMULATED
2598,4,2025-10-19,89.61,SIMULATED
2599,4,2025-10-20,81.83,SIMULATED
2600,4,2025-10-21,85.48,SIMULATED
2601,4,2025-10-22,80.98,SIMULATED
2602,4,2025-10-23,78.78,SIMULATED
2603,4,2025-10-24,82.4,SIMULATED
2604,4,2025-10-25,81.36,SIMULATED
2605,4,2025-10-26,83.36,SIMULATED
2606,4,2025-10-27,86.2,SIMULATED
2607,4,2025-10-28,87.6,SIMULATED
2608,4,2025-10-29,87.64,SIMULATED
2609,4,2025-10-30,86.8,SIMULATED
2610,4,2025-10-31,82.01,SIMULATED
2611,4,2025-11-01,79.83,SIMULATED
2612,4,2025-11-02,80.48,SIMULATED
2613,4,2025-11-03,81.26,SIMULATED
2614,4,2025-11-04,88.4,SIMULATED
2615,4,2025-11-05,92.0,SIMULATED
2616,4,2025-11-06,81.47,SIMULATED
2617,4,2025-11-07,81.43,SIMULATED
2618,4,2025-11-08,85.83,SIMULATED
2619,4,2025-11-09,86.13,SIMULATED
2620,4,2025-11-10,83.87,SIMULATED
2621,4,2025-11-11,81.91,SIMULATED
2622,4,2025-11-12,84.01,SIMULATED
2623,4,2025-11-13,85.03,SIMULATED
2624,4,2025-11-14,86.94,SIMULATED
2625,4,2025-11-15,83.61,SIMULATED
2626,4,2025-11-16,83.45,SIMULATED
2627,4,2025-11-17,80.1,SIMULATED
2628,4,2025-11-18,83.56,SIMULATED
2629,4,2025-11-19,86.25,SIMULATED
2630,4,2025-11-20,85.39,SIMULATED
2631,4,2025-11-21,80.01,SIMULATED
2632,4,2025-11-22,79.97,SIMULATED
2633,4,2025-11-23,76.07,SIMULATED
2634,4,2025-11-24,88.27,SIMULATED
2635,4,2025-11-25,87.42,SIMULATED
2636,4,2025-11-26,85.16,SIMULATED
2637,4,2025-11-27,85.03,SIMULATED
2638,4,2025-11-28,83.44,SIMULATED
2639,4,2025-11-29,89.8,SIMULATED
2640,4,2025-11-30,86.31,SIMULATED
2641,4,2025-12-01,80.22,SIMULATED
2642,4,2025-12-02,72.73,SIMULATED
2643,4,2025-12-03,73.1,SIMULATED
2644,4,2025-12-04,74.88,SIMULATED
2645,4,2025-12-05,75.11,SIMULATED
2646,4,2025-12-06,70.27,SIMULATED
2647,4,2025-12-07,63.74,SIMULATED
2648,4,2025-12-08,55.52,SIMULATED
2649,4,2025-12-09,63.32,SIMULATED
2650,4,2025-12-10,58.44,SIMULATED
2651,4,2025-12-11,58.55,SIMULATED
2652,4,2025-12-12,55.87,SIMULATED
2653,4,2025-12-13,54.49,SIMULATED
2654,4,2025-12-14,56.79,SIMULATED
2655,4,2025-12-15,50.08,SIMULATED
2656,4,2025-12-16,47.29,SIMULATED
2657,4,2025-12-17,51.32,SIMULATED
2658,4,2025-12-18,51.1,SIMULATED
2659,4,2025-12-19,46.48,SIMULATED
2660,4,2025-12-20,47.83,SIMULATED
2661,4,2025-12-21,48.33,SIMULATED
2662,4,2025-12-22,52.15,SIMULATED
2663,4,2025-12-23,55.34,SIMULATED
2664,4,2025-12-24,52.14,SIMULATED
2665,4,2025-12-25,48.75,SIMULATED
2666,4,2025-12-26,49.22,SIMULATED
2667,4,2025-12-27,50.37,SIMULATED
2668,4,2025-12-28,44.57,SIMULATED
2669,4,2025-12-29,41.61,SIMULATED
2670,4,2025-12-30,47.4,SIMULATED
2671,4,2025-12-31,46.42,SIMULATED
2672,4,2026-01-01,41.28,SIMULATED
2673,4,2026-01-02,43.29,SIMULATED
2674,4,2026-01-03,46.93,SIMULATED
2675,4,2026-01-04,45.97,SIMULATED
2676,4,2026-01-05,45.15,SIMULATED
2677,4,2026-01-06,40.6,SIMULATED
2678,4,2026-01-07,41.29,SIMULATED
2679,4,2026-01-08,38.14,SIMULATED
2680,4,2026-01-09,38.19,SIMULATED
2681,4,2026-01-10,42.51,SIMULATED
2682,4,2026-01-11,40.26,SIMULATED
2683,4,2026-01-12,44.5,SIMULATED
2684,4,2026-01-13,42.05,SIMULATED
2685,4,2026-01-14,40.61,SIMULATED
2686,4,2026-01-15,39.88,SIMULATED
2687,4,2026-01-16,39.99,SIMULATED
2688,4,2026-01-17,41.72,SIMULATED
2689,4,2026-01-18,43.45,SIMULATED
2690,4,2026-01-19,41.73,SIMULATED
2691,4,2026-01-20,42.0,SIMULATED
2692,4,2026-01-21,40.13,SIMULATED
2693,4,2026-01-22,36.1,SIMULATED
2694,4,2026-01-23,39.69,SIMULATED
2695,4,2026-01-24,40.0,SIMULATED
2696,4,2026-01-25,38.23,SIMULATED
2697,4,2026-01-26,35.22,SIMULATED
2698,4,2026-01-27,34.56,SIMULATED
2699,4,2026-01-28,32.04,SIMULATED
2700,4,2026-01-29,39.83,SIMULATED
2701,4,2026-01-30,40.57,SIMULATED
2702,4,2026-01-31,39.12,SIMULATED
2703,4,2026-02-01,44.89,SIMULATED
2704,4,2026-02-02,44.92,SIMULATED
2705,4,2026-02-03,43.31,SIMULATED
2706,4,2026-02-04,39.5,SIMULATED
2707,4,2026-02-05,43.21,SIMULATED
2708,4,2026-02-06,44.0,SIMULATED
2709,4,2026-02-07,49.38,SIMULATED
2710,4,2026-02-08,48.48,SIMULATED
2711,4,2026-02-09,53.8,SIMULATED
2712,4,2026-02-10,60.65,SIMULATED
2713,4,2026-02-11,60.57,SIMULATED
2714,4,2026-02-12,62.86,SIMULATED
2715,4,2026-02-13,59.11,SIMULATED
2716,4,2026-02-14,58.32,SIMULATED
2717,4,2026-02-15,54.65,SIMULATED
2718,4,2026-02-16,59.1,SIMULATED
2719,4,2026-02-17,54.61,SIMULATED
2720,4,2026-02-18,53.46,SIMULATED
2721,4,2026-02-19,53.28,SIMULATED
2722,4,2026-02-20,49.67,SIMULATED
2723,4,2026-02-21,42.54,SIMULATED
2724,4,2026-02-22,48.08,SIMULATED
2725,4,2026-02-23,49.97,SIMULATED
2726,4,2026-02-24,45.65,SIMULATED
2727,4,2026-02-25,42.06,SIMULATED
2728,4,2026-02-26,40.68,SIMULATED
2729,4,2026-02-27,46.21,SIMULATED
2730,4,2026-02-28,49.91,SIMULATED
2731,4,2026-03-01,48.81,SIMULATED
2732,4,2026-03-02,48.74,SIMULATED
2733,4,2026-03-03,50.93,SIMULATED
2734,4,2026-03-04,56.15,SIMULATED
2735,4,2026-03-05,52.53,SIMULATED
2736,4,2026-03-06,47.55,SIMULATED
2737,4,2026-03-07,43.88,SIMULATED
2738,4,2026-03-08,39.69,SIMULATED
2739,4,2026-03-09,39.72,SIMULATED
2740,4,2026-03-10,40.36,SIMULATED
2741,4,2026-03-11,35.64,SIMULATED
2742,4,2026-03-12,41.04,SIMULATED
2743,4,2026-03-13,40.8,SIMULATED
2744,4,2026-03-14,52.51,SIMULATED
2745,4,2026-03-15,59.95,SIMULATED
2746,4,2026-03-16,59.59,SIMULATED
2747,4,2026-03-17,51.08,SIMULATED
2748,4,2026-03-18,50.42,SIMULATED
2749,4,2026-03-19,53.82,SIMULATED
2750,4,2026-03-20,52.62,SIMULATED
2751,4,2026-03-21,54.75,SIMULATED
2752,4,2026-03-22,55.45,SIMULATED
2753,4,2026-03-23,51.87,SIMULATED
2754,4,2026-03-24,54.05,SIMULATED
2755,4,2026-03-25,55.16,SIMULATED
2756,4,2026-03-26,55.57,SIMULATED
2757,4,2026-03-27,44.32,SIMULATED
2758,4,2026-03-28,45.69,SIMULATED
2759,4,2026-03-29,54.03,SIMULATED
2760,4,2026-03-30,61.18,SIMULATED
2761,4,2026-03-31,57.17,SIMULATED
2762,4,2026-04-01,65.17,SIMULATED
2763,4,2026-04-02,63.12,SIMULATED
2764,4,2026-04-03,69.32,SIMULATED
2765,4,2026-04-04,66.06,SIMULATED
2766,4,2026-04-05,72.47,SIMULATED
2767,4,2026-04-06,74.02,SIMULATED
2768,4,2026-04-07,81.43,SIMULATED
2769,4,2026-04-08,80.91,SIMULATED
2770,4,2026-04-09,82.75,SIMULATED
2771,4,2026-04-10,81.01,SIMULATED
2772,4,2026-04-11,85.7,SIMULATED
2773,4,2026-04-12,80.05,SIMULATED
2774,4,2026-04-13,79.83,SIMULATED
2775,4,2026-04-14,77.28,SIMULATED
2776,4,2026-04-15,83.74,SIMULATED
2777,4,2026-04-16,83.17,SIMULATED
2778,4,2026-04-17,90.38,SIMULATED
2779,4,2026-04-18,90.98,SIMULATED
2780,4,2026-04-19,90.31,SIMULATED
2781,4,2026-04-20,91.03,SIMULATED
2782,4,2026-04-21,91.66,SIMULATED
2783,4,2026-04-22,95.95,SIMULATED
2784,4,2026-04-23,98.0,SIMULATED
2785,4,2026-04-24,98.0,SIMULATED
2786,4,2026-04-25,95.56,SIMULATED
2787,4,2026-04-26,96.25,SIMULATED
2788,4,2026-04-27,96.57,SIMULATED
2789,4,2026-04-28,95.09,SIMULATED
2790,4,2026-04-29,98.0,SIMULATED
2791,4,2026-04-30,95.47,SIMULATED
2792,4,2026-05-01,95.1,SIMULATED
2793,4,2026-05-02,92.38,SIMULATED
2794,4,2026-05-03,87.52,SIMULATED
2795,4,2026-05-04,88.27,SIMULATED
2796,4,2026-05-05,82.23,SIMULATED
2797,4,2026-05-06,84.1,SIMULATED
2798,4,2026-05-07,87.88,SIMULATED
2799,4,2026-05-08,83.53,SIMULATED
2800,4,2026-05-09,74.44,SIMULATED
2801,4,2026-05-10,74.41,SIMULATED
2802,4,2026-05-11,80.75,SIMULATED
2803,4,2026-05-12,78.28,SIMULATED
2804,4,2026-05-13,79.3,SIMULATED
2805,4,2026-05-14,84.29,SIMULATED
2806,4,2026-05-15,85.31,SIMULATED
2807,4,2026-05-16,84.07,SIMULATED
2808,4,2026-05-17,82.15,SIMULATED
2809,4,2026-05-18,76.31,SIMULATED
2810,4,2026-05-19,73.0,SIMULATED
2811,4,2026-05-20,71.37,SIMULATED
2812,4,2026-05-21,72.38,SIMULATED
2813,4,2026-05-22,77.2,SIMULATED
2814,4,2026-05-23,80.44,SIMULATED
2815,4,2026-05-24,83.09,SIMULATED
2816,4,2026-05-25,71.74,SIMULATED
2817,4,2026-05-26,69.41,SIMULATED
2818,4,2026-05-27,65.52,SIMULATED
2819,4,2026-05-28,65.63,SIMULATED
2820,4,2026-05-29,73.6,SIMULATED
2821,4,2026-05-30,71.73,SIMULATED
2822,4,2026-05-31,78.28,SIMULATED
2823,4,2026-06-01,81.63,SIMULATED
2824,4,2026-06-02,70.33,SIMULATED
2825,4,2026-06-03,71.66,SIMULATED
2826,4,2026-06-04,68.27,SIMULATED
2827,4,2026-06-05,67.94,SIMULATED
2828,4,2026-06-06,68.9,SIMULATED
2829,4,2026-06-07,69.46,SIMULATED
2830,4,2026-06-08,67.64,SIMULATED
2831,4,2026-06-09,65.42,SIMULATED
2832,4,2026-06-10,63.54,SIMULATED
2833,4,2026-06-11,71.93,SIMULATED
2834,4,2026-06-12,67.46,SIMULATED
2835,4,2026-06-13,67.62,SIMULATED
2836,4,2026-06-14,66.0,SIMULATED
2837,4,2026-06-15,71.2,SIMULATED
2838,4,2026-06-16,68.25,SIMULATED
2839,4,2026-06-17,73.47,SIMULATED
2840,4,2026-06-18,77.16,SIMULATED
2841,4,2026-06-19,80.86,SIMULATED
2842,4,2026-06-20,81.28,SIMULATED
2843,4,2026-06-21,75.1,SIMULATED
2844,4,2026-06-22,73.74,SIMULATED
2845,4,2026-06-23,76.37,SIMULATED
2846,4,2026-06-24,75.46,SIMULATED
2847,4,2026-06-25,73.32,SIMULATED
2848,4,2026-06-26,73.18,SIMULATED
2849,4,2026-06-27,71.54,SIMULATED
2850,4,2026-06-28,69.59,SIMULATED
2851,4,2026-06-29,79.7,SIMULATED
2852,4,2026-06-30,85.27,SIMULATED
2853,4,2026-07-01,91.52,SIMULATED
2854,4,2026-07-02,94.45,SIMULATED
2855,4,2026-07-03,90.0,SIMULATED
2856,4,2026-07-04,77.72,SIMULATED
2857,4,2026-07-05,79.6,SIMULATED
2858,4,2026-07-06,79.32,SIMULATED
2859,4,2026-07-07,77.16,SIMULATED
2860,4,2026-07-08,78.35,SIMULATED
2861,4,2026-07-09,75.42,SIMULATED
2862,4,2026-07-10,75.42,SIMULATED
2863,4,2026-07-11,73.92,SIMULATED
2864,4,2026-07-12,72.06,SIMULATED
2865,4,2026-07-13,68.0,SIMULATED
2866,4,2026-07-14,66.3,SIMULATED
2867,4,2026-07-15,65.25,SIMULATED
2868,4,2026-07-16,65.99,SIMULATED
2869,4,2026-07-17,67.63,SIMULATED
2870,4,2026-07-18,74.96,SIMULATED
2871,4,2026-07-19,67.55,SIMULATED
2872,4,2026-07-20,59.81,SIMULATED
2873,4,2026-07-21,58.77,SIMULATED
2874,4,2026-07-22,64.14,SIMULATED
2875,4,2026-07-23,67.22,SIMULATED
2876,4,2026-07-24,66.55,SIMULATED
2877,4,2026-07-25,74.38,SIMULATED
2878,4,2026-07-26,77.93,SIMULATED
2879,4,2026-07-27,75.15,SIMULATED
2880,4,2026-07-28,72.99,SIMULATED
2881,4,2026-07-29,74.91,SIMULATED
2882,4,2026-07-30,70.54,SIMULATED
2883,4,2026-07-31,68.97,SIMULATED
2884,4,2026-08-01,66.4,SIMULATED
2885,4,2026-08-02,66.01,SIMULATED
2886,4,2026-08-03,66.5,SIMULATED
2887,4,2026-08-04,63.7,SIMULATED
2888,4,2026-08-05,63.04,SIMULATED
2889,4,2026-08-06,59.39,SIMULATED
2890,4,2026-08-07,60.87,SIMULATED
2891,4,2026-08-08,59.78,SIMULATED
2892,4,2026-08-09,61.42,SIMULATED
2893,4,2026-08-10,64.64,SIMULATED
2894,4,2026-08-11,71.61,SIMULATED
2895,4,2026-08-12,64.46,SIMULATED
2896,4,2026-08-13,66.7,SIMULATED
2897,4,2026-08-14,76.85,SIMULATED
2898,4,2026-08-15,75.98,SIMULATED
2899,4,2026-08-16,78.45,SIMULATED
2900,4,2026-08-17,80.11,SIMULATED
2901,4,2026-08-18,74.76,SIMULATED
2902,4,2026-08-19,76.19,SIMULATED
2903,4,2026-08-20,77.41,SIMULATED
2904,4,2026-08-21,73.99,SIMULATED
2905,4,2026-08-22,75.81,SIMULATED
2906,4,2026-08-23,76.73,SIMULATED
2907,4,2026-08-24,76.12,SIMULATED
2908,4,2026-08-25,70.32,SIMULATED
2909,4,2026-08-26,67.62,SIMULATED
2910,4,2026-08-27,71.35,SIMULATED
2911,4,2026-08-28,64.31,SIMULATED
2912,4,2026-08-29,56.86,SIMULATED
2913,4,2026-08-30,60.34,SIMULATED
2914,4,2026-08-31,60.2,SIMULATED
2915,4,2026-09-01,63.92,SIMULATED
2916,4,2026-09-02,61.84,SIMULATED
2917,4,2026-09-03,58.15,SIMULATED
2918,4,2026-09-04,54.45,SIMULATED
2919,4,2026-09-05,59.41,SIMULATED
2920,4,2026-09-06,58.25,SIMULATED
2921,4,2026-09-07,58.79,SIMULATED
2922,4,2026-09-08,58.29,SIMULATED
2923,4,2026-09-09,61.94,SIMULATED
2924,4,2026-09-10,67.32,SIMULATED
2925,5,2024-09-10,39.07,SIMULATED
2926,5,2024-09-11,38.13,SIMULATED
2927,5,2024-09-12,40.33,SIMULATED
2928,5,2024-09-13,42.95,SIMULATED
2929,5,2024-09-14,42.22,SIMULATED
2930,5,2024-09-15,40.46,SIMULATED
2931,5,2024-09-16,57.15,SIMULATED
2932,5,2024-09-17,55.66,SIMULATED
2933,5,2024-09-18,54.82,SIMULATED
2934,5,2024-09-19,52.64,SIMULATED
2935,5,2024-09-20,48.49,SIMULATED
2936,5,2024-09-21,44.45,SIMULATED
2937,5,2024-09-22,39.1,SIMULATED
2938,5,2024-09-23,36.71,SIMULATED
2939,5,2024-09-24,42.19,SIMULATED
2940,5,2024-09-25,47.96,SIMULATED
2941,5,2024-09-26,48.64,SIMULATED
2942,5,2024-09-27,49.68,SIMULATED
2943,5,2024-09-28,51.75,SIMULATED
2944,5,2024-09-29,46.12,SIMULATED
2945,5,2024-09-30,43.21,SIMULATED
2946,5,2024-10-01,40.3,SIMULATED
2947,5,2024-10-02,49.32,SIMULATED
2948,5,2024-10-03,49.18,SIMULATED
2949,5,2024-10-04,46.16,SIMULATED
2950,5,2024-10-05,48.58,SIMULATED
2951,5,2024-10-06,54.27,SIMULATED
2952,5,2024-10-07,50.53,SIMULATED
2953,5,2024-10-08,51.07,SIMULATED
2954,5,2024-10-09,51.04,SIMULATED
2955,5,2024-10-10,48.51,SIMULATED
2956,5,2024-10-11,44.4,SIMULATED
2957,5,2024-10-12,46.11,SIMULATED
2958,5,2024-10-13,45.57,SIMULATED
2959,5,2024-10-14,42.69,SIMULATED
2960,5,2024-10-15,42.71,SIMULATED
2961,5,2024-10-16,42.15,SIMULATED
2962,5,2024-10-17,45.96,SIMULATED
2963,5,2024-10-18,46.29,SIMULATED
2964,5,2024-10-19,49.74,SIMULATED
2965,5,2024-10-20,47.16,SIMULATED
2966,5,2024-10-21,41.29,SIMULATED
2967,5,2024-10-22,42.74,SIMULATED
2968,5,2024-10-23,45.39,SIMULATED
2969,5,2024-10-24,44.2,SIMULATED
2970,5,2024-10-25,41.86,SIMULATED
2971,5,2024-10-26,47.5,SIMULATED
2972,5,2024-10-27,47.33,SIMULATED
2973,5,2024-10-28,40.36,SIMULATED
2974,5,2024-10-29,46.98,SIMULATED
2975,5,2024-10-30,46.98,SIMULATED
2976,5,2024-10-31,47.96,SIMULATED
2977,5,2024-11-01,62.28,SIMULATED
2978,5,2024-11-02,65.06,SIMULATED
2979,5,2024-11-03,65.02,SIMULATED
2980,5,2024-11-04,62.21,SIMULATED
2981,5,2024-11-05,62.76,SIMULATED
2982,5,2024-11-06,62.01,SIMULATED
2983,5,2024-11-07,62.35,SIMULATED
2984,5,2024-11-08,59.73,SIMULATED
2985,5,2024-11-09,58.75,SIMULATED
2986,5,2024-11-10,72.34,SIMULATED
2987,5,2024-11-11,66.26,SIMULATED
2988,5,2024-11-12,68.69,SIMULATED
2989,5,2024-11-13,67.89,SIMULATED
2990,5,2024-11-14,62.34,SIMULATED
2991,5,2024-11-15,54.54,SIMULATED
2992,5,2024-11-16,48.51,SIMULATED
2993,5,2024-11-17,44.11,SIMULATED
2994,5,2024-11-18,47.96,SIMULATED
2995,5,2024-11-19,49.12,SIMULATED
2996,5,2024-11-20,48.92,SIMULATED
2997,5,2024-11-21,43.78,SIMULATED
2998,5,2024-11-22,43.18,SIMULATED
2999,5,2024-11-23,48.42,SIMULATED
3000,5,2024-11-24,48.45,SIMULATED
3001,5,2024-11-25,47.43,SIMULATED
3002,5,2024-11-26,52.25,SIMULATED
3003,5,2024-11-27,53.85,SIMULATED
3004,5,2024-11-28,65.19,SIMULATED
3005,5,2024-11-29,64.34,SIMULATED
3006,5,2024-11-30,75.66,SIMULATED
3007,5,2024-12-01,64.96,SIMULATED
3008,5,2024-12-02,61.09,SIMULATED
3009,5,2024-12-03,55.99,SIMULATED
3010,5,2024-12-04,51.12,SIMULATED
3011,5,2024-12-05,49.31,SIMULATED
3012,5,2024-12-06,48.52,SIMULATED
3013,5,2024-12-07,47.22,SIMULATED
3014,5,2024-12-08,45.3,SIMULATED
3015,5,2024-12-09,47.59,SIMULATED
3016,5,2024-12-10,51.05,SIMULATED
3017,5,2024-12-11,54.35,SIMULATED
3018,5,2024-12-12,43.3,SIMULATED
3019,5,2024-12-13,43.66,SIMULATED
3020,5,2024-12-14,43.12,SIMULATED
3021,5,2024-12-15,44.76,SIMULATED
3022,5,2024-12-16,37.37,SIMULATED
3023,5,2024-12-17,44.69,SIMULATED
3024,5,2024-12-18,40.22,SIMULATED
3025,5,2024-12-19,46.34,SIMULATED
3026,5,2024-12-20,45.06,SIMULATED
3027,5,2024-12-21,38.5,SIMULATED
3028,5,2024-12-22,39.71,SIMULATED
3029,5,2024-12-23,38.69,SIMULATED
3030,5,2024-12-24,34.57,SIMULATED
3031,5,2024-12-25,31.28,SIMULATED
3032,5,2024-12-26,32.66,SIMULATED
3033,5,2024-12-27,29.59,SIMULATED
3034,5,2024-12-28,28.35,SIMULATED
3035,5,2024-12-29,21.36,SIMULATED
3036,5,2024-12-30,23.72,SIMULATED
3037,5,2024-12-31,28.56,SIMULATED
3038,5,2025-01-01,29.08,SIMULATED
3039,5,2025-01-02,32.99,SIMULATED
3040,5,2025-01-03,27.3,SIMULATED
3041,5,2025-01-04,27.62,SIMULATED
3042,5,2025-01-05,26.18,SIMULATED
3043,5,2025-01-06,25.34,SIMULATED
3044,5,2025-01-07,24.58,SIMULATED
3045,5,2025-01-08,30.32,SIMULATED
3046,5,2025-01-09,35.59,SIMULATED
3047,5,2025-01-10,31.2,SIMULATED
3048,5,2025-01-11,31.28,SIMULATED
3049,5,2025-01-12,40.3,SIMULATED
3050,5,2025-01-13,39.58,SIMULATED
3051,5,2025-01-14,39.21,SIMULATED
3052,5,2025-01-15,36.06,SIMULATED
3053,5,2025-01-16,32.09,SIMULATED
3054,5,2025-01-17,30.19,SIMULATED
3055,5,2025-01-18,28.09,SIMULATED
3056,5,2025-01-19,30.31,SIMULATED
3057,5,2025-01-20,32.06,SIMULATED
3058,5,2025-01-21,32.61,SIMULATED
3059,5,2025-01-22,35.11,SIMULATED
3060,5,2025-01-23,29.72,SIMULATED
3061,5,2025-01-24,34.28,SIMULATED
3062,5,2025-01-25,31.13,SIMULATED
3063,5,2025-01-26,32.48,SIMULATED
3064,5,2025-01-27,29.66,SIMULATED
3065,5,2025-01-28,26.19,SIMULATED
3066,5,2025-01-29,25.66,SIMULATED
3067,5,2025-01-30,29.3,SIMULATED
3068,5,2025-01-31,25.02,SIMULATED
3069,5,2025-02-01,27.36,SIMULATED
3070,5,2025-02-02,23.83,SIMULATED
3071,5,2025-02-03,21.01,SIMULATED
3072,5,2025-02-04,21.91,SIMULATED
3073,5,2025-02-05,20.01,SIMULATED
3074,5,2025-02-06,23.01,SIMULATED
3075,5,2025-02-07,19.82,SIMULATED
3076,5,2025-02-08,15.45,SIMULATED
3077,5,2025-02-09,17.11,SIMULATED
3078,5,2025-02-10,18.23,SIMULATED
3079,5,2025-02-11,17.93,SIMULATED
3080,5,2025-02-12,15.06,SIMULATED
3081,5,2025-02-13,12.55,SIMULATED
3082,5,2025-02-14,9.89,SIMULATED
3083,5,2025-02-15,16.36,SIMULATED
3084,5,2025-02-16,20.94,SIMULATED
3085,5,2025-02-17,27.35,SIMULATED
3086,5,2025-02-18,32.58,SIMULATED
3087,5,2025-02-19,30.46,SIMULATED
3088,5,2025-02-20,25.46,SIMULATED
3089,5,2025-02-21,28.67,SIMULATED
3090,5,2025-02-22,27.88,SIMULATED
3091,5,2025-02-23,29.02,SIMULATED
3092,5,2025-02-24,29.83,SIMULATED
3093,5,2025-02-25,25.36,SIMULATED
3094,5,2025-02-26,28.51,SIMULATED
3095,5,2025-02-27,23.59,SIMULATED
3096,5,2025-02-28,20.63,SIMULATED
3097,5,2025-03-01,20.77,SIMULATED
3098,5,2025-03-02,26.9,SIMULATED
3099,5,2025-03-03,23.17,SIMULATED
3100,5,2025-03-04,21.5,SIMULATED
3101,5,2025-03-05,20.91,SIMULATED
3102,5,2025-03-06,18.61,SIMULATED
3103,5,2025-03-07,13.18,SIMULATED
3104,5,2025-03-08,14.66,SIMULATED
3105,5,2025-03-09,13.17,SIMULATED
3106,5,2025-03-10,12.08,SIMULATED
3107,5,2025-03-11,18.0,SIMULATED
3108,5,2025-03-12,27.26,SIMULATED
3109,5,2025-03-13,21.43,SIMULATED
3110,5,2025-03-14,23.36,SIMULATED
3111,5,2025-03-15,27.35,SIMULATED
3112,5,2025-03-16,28.35,SIMULATED
3113,5,2025-03-17,28.06,SIMULATED
3114,5,2025-03-18,26.13,SIMULATED
3115,5,2025-03-19,25.23,SIMULATED
3116,5,2025-03-20,25.5,SIMULATED
3117,5,2025-03-21,27.8,SIMULATED
3118,5,2025-03-22,32.03,SIMULATED
3119,5,2025-03-23,31.61,SIMULATED
3120,5,2025-03-24,32.31,SIMULATED
3121,5,2025-03-25,34.34,SIMULATED
3122,5,2025-03-26,32.86,SIMULATED
3123,5,2025-03-27,35.27,SIMULATED
3124,5,2025-03-28,32.44,SIMULATED
3125,5,2025-03-29,28.89,SIMULATED
3126,5,2025-03-30,26.31,SIMULATED
3127,5,2025-03-31,24.88,SIMULATED
3128,5,2025-04-01,29.23,SIMULATED
3129,5,2025-04-02,37.12,SIMULATED
3130,5,2025-04-03,36.55,SIMULATED
3131,5,2025-04-04,42.36,SIMULATED
3132,5,2025-04-05,51.9,SIMULATED
3133,5,2025-04-06,54.23,SIMULATED
3134,5,2025-04-07,53.0,SIMULATED
3135,5,2025-04-08,55.57,SIMULATED
3136,5,2025-04-09,57.16,SIMULATED
3137,5,2025-04-10,48.08,SIMULATED
3138,5,2025-04-11,49.99,SIMULATED
3139,5,2025-04-12,52.24,SIMULATED
3140,5,2025-04-13,54.97,SIMULATED
3141,5,2025-04-14,54.29,SIMULATED
3142,5,2025-04-15,52.58,SIMULATED
3143,5,2025-04-16,50.57,SIMULATED
3144,5,2025-04-17,48.7,SIMULATED
3145,5,2025-04-18,52.84,SIMULATED
3146,5,2025-04-19,51.51,SIMULATED
3147,5,2025-04-20,57.42,SIMULATED
3148,5,2025-04-21,51.74,SIMULATED
3149,5,2025-04-22,51.15,SIMULATED
3150,5,2025-04-23,55.83,SIMULATED
3151,5,2025-04-24,56.5,SIMULATED
3152,5,2025-04-25,60.57,SIMULATED
3153,5,2025-04-26,59.03,SIMULATED
3154,5,2025-04-27,59.04,SIMULATED
3155,5,2025-04-28,51.68,SIMULATED
3156,5,2025-04-29,46.77,SIMULATED
3157,5,2025-04-30,45.06,SIMULATED
3158,5,2025-05-01,46.93,SIMULATED
3159,5,2025-05-02,50.36,SIMULATED
3160,5,2025-05-03,50.88,SIMULATED
3161,5,2025-05-04,48.5,SIMULATED
3162,5,2025-05-05,46.65,SIMULATED
3163,5,2025-05-06,48.96,SIMULATED
3164,5,2025-05-07,46.42,SIMULATED
3165,5,2025-05-08,49.16,SIMULATED
3166,5,2025-05-09,48.49,SIMULATED
3167,5,2025-05-10,49.54,SIMULATED
3168,5,2025-05-11,45.72,SIMULATED
3169,5,2025-05-12,47.98,SIMULATED
3170,5,2025-05-13,56.26,SIMULATED
3171,5,2025-05-14,58.71,SIMULATED
3172,5,2025-05-15,81.49,SIMULATED
3173,5,2025-05-16,83.23,SIMULATED
3174,5,2025-05-17,88.78,SIMULATED
3175,5,2025-05-18,80.19,SIMULATED
3176,5,2025-05-19,72.85,SIMULATED
3177,5,2025-05-20,72.7,SIMULATED
3178,5,2025-05-21,69.92,SIMULATED
3179,5,2025-05-22,67.73,SIMULATED
3180,5,2025-05-23,64.44,SIMULATED
3181,5,2025-05-24,64.61,SIMULATED
3182,5,2025-05-25,67.96,SIMULATED
3183,5,2025-05-26,66.05,SIMULATED
3184,5,2025-05-27,62.76,SIMULATED
3185,5,2025-05-28,54.58,SIMULATED
3186,5,2025-05-29,56.01,SIMULATED
3187,5,2025-05-30,57.0,SIMULATED
3188,5,2025-05-31,49.51,SIMULATED
3189,5,2025-06-01,48.8,SIMULATED
3190,5,2025-06-02,52.99,SIMULATED
3191,5,2025-06-03,49.63,SIMULATED
3192,5,2025-06-04,48.41,SIMULATED
3193,5,2025-06-05,43.23,SIMULATED
3194,5,2025-06-06,43.32,SIMULATED
3195,5,2025-06-07,39.44,SIMULATED
3196,5,2025-06-08,38.57,SIMULATED
3197,5,2025-06-09,31.24,SIMULATED
3198,5,2025-06-10,26.61,SIMULATED
3199,5,2025-06-11,25.56,SIMULATED
3200,5,2025-06-12,22.2,SIMULATED
3201,5,2025-06-13,26.06,SIMULATED
3202,5,2025-06-14,29.8,SIMULATED
3203,5,2025-06-15,31.09,SIMULATED
3204,5,2025-06-16,30.08,SIMULATED
3205,5,2025-06-17,31.81,SIMULATED
3206,5,2025-06-18,36.66,SIMULATED
3207,5,2025-06-19,34.6,SIMULATED
3208,5,2025-06-20,46.17,SIMULATED
3209,5,2025-06-21,40.84,SIMULATED
3210,5,2025-06-22,41.39,SIMULATED
3211,5,2025-06-23,36.45,SIMULATED
3212,5,2025-06-24,44.55,SIMULATED
3213,5,2025-06-25,37.39,SIMULATED
3214,5,2025-06-26,36.27,SIMULATED
3215,5,2025-06-27,42.11,SIMULATED
3216,5,2025-06-28,44.34,SIMULATED
3217,5,2025-06-29,41.88,SIMULATED
3218,5,2025-06-30,40.17,SIMULATED
3219,5,2025-07-01,36.09,SIMULATED
3220,5,2025-07-02,29.3,SIMULATED
3221,5,2025-07-03,31.16,SIMULATED
3222,5,2025-07-04,30.24,SIMULATED
3223,5,2025-07-05,31.93,SIMULATED
3224,5,2025-07-06,33.72,SIMULATED
3225,5,2025-07-07,33.94,SIMULATED
3226,5,2025-07-08,33.83,SIMULATED
3227,5,2025-07-09,31.1,SIMULATED
3228,5,2025-07-10,24.53,SIMULATED
3229,5,2025-07-11,24.85,SIMULATED
3230,5,2025-07-12,22.14,SIMULATED
3231,5,2025-07-13,21.15,SIMULATED
3232,5,2025-07-14,23.22,SIMULATED
3233,5,2025-07-15,18.46,SIMULATED
3234,5,2025-07-16,14.29,SIMULATED
3235,5,2025-07-17,15.26,SIMULATED
3236,5,2025-07-18,14.26,SIMULATED
3237,5,2025-07-19,12.19,SIMULATED
3238,5,2025-07-20,12.72,SIMULATED
3239,5,2025-07-21,15.28,SIMULATED
3240,5,2025-07-22,16.57,SIMULATED
3241,5,2025-07-23,23.83,SIMULATED
3242,5,2025-07-24,21.84,SIMULATED
3243,5,2025-07-25,25.42,SIMULATED
3244,5,2025-07-26,21.16,SIMULATED
3245,5,2025-07-27,31.98,SIMULATED
3246,5,2025-07-28,33.61,SIMULATED
3247,5,2025-07-29,35.83,SIMULATED
3248,5,2025-07-30,38.73,SIMULATED
3249,5,2025-07-31,32.38,SIMULATED
3250,5,2025-08-01,34.47,SIMULATED
3251,5,2025-08-02,31.29,SIMULATED
3252,5,2025-08-03,35.13,SIMULATED
3253,5,2025-08-04,33.7,SIMULATED
3254,5,2025-08-05,37.82,SIMULATED
3255,5,2025-08-06,31.84,SIMULATED
3256,5,2025-08-07,35.8,SIMULATED
3257,5,2025-08-08,34.88,SIMULATED
3258,5,2025-08-09,32.56,SIMULATED
3259,5,2025-08-10,37.28,SIMULATED
3260,5,2025-08-11,38.85,SIMULATED
3261,5,2025-08-12,35.67,SIMULATED
3262,5,2025-08-13,46.08,SIMULATED
3263,5,2025-08-14,46.33,SIMULATED
3264,5,2025-08-15,42.71,SIMULATED
3265,5,2025-08-16,37.42,SIMULATED
3266,5,2025-08-17,40.72,SIMULATED
3267,5,2025-08-18,48.19,SIMULATED
3268,5,2025-08-19,47.57,SIMULATED
3269,5,2025-08-20,50.27,SIMULATED
3270,5,2025-08-21,47.59,SIMULATED
3271,5,2025-08-22,45.41,SIMULATED
3272,5,2025-08-23,45.33,SIMULATED
3273,5,2025-08-24,41.71,SIMULATED
3274,5,2025-08-25,43.49,SIMULATED
3275,5,2025-08-26,35.6,SIMULATED
3276,5,2025-08-27,32.78,SIMULATED
3277,5,2025-08-28,35.99,SIMULATED
3278,5,2025-08-29,32.96,SIMULATED
3279,5,2025-08-30,33.18,SIMULATED
3280,5,2025-08-31,34.47,SIMULATED
3281,5,2025-09-01,36.68,SIMULATED
3282,5,2025-09-02,32.32,SIMULATED
3283,5,2025-09-03,32.64,SIMULATED
3284,5,2025-09-04,28.63,SIMULATED
3285,5,2025-09-05,32.8,SIMULATED
3286,5,2025-09-06,28.04,SIMULATED
3287,5,2025-09-07,29.42,SIMULATED
3288,5,2025-09-08,30.8,SIMULATED
3289,5,2025-09-09,30.89,SIMULATED
3290,5,2025-09-10,29.09,SIMULATED
3291,5,2025-09-11,23.98,SIMULATED
3292,5,2025-09-12,21.11,SIMULATED
3293,5,2025-09-13,23.5,SIMULATED
3294,5,2025-09-14,20.81,SIMULATED
3295,5,2025-09-15,25.8,SIMULATED
3296,5,2025-09-16,25.96,SIMULATED
3297,5,2025-09-17,22.04,SIMULATED
3298,5,2025-09-18,22.85,SIMULATED
3299,5,2025-09-19,25.16,SIMULATED
3300,5,2025-09-20,33.16,SIMULATED
3301,5,2025-09-21,31.56,SIMULATED
3302,5,2025-09-22,28.6,SIMULATED
3303,5,2025-09-23,32.47,SIMULATED
3304,5,2025-09-24,30.31,SIMULATED
3305,5,2025-09-25,35.8,SIMULATED
3306,5,2025-09-26,33.56,SIMULATED
3307,5,2025-09-27,34.26,SIMULATED
3308,5,2025-09-28,36.52,SIMULATED
3309,5,2025-09-29,39.56,SIMULATED
3310,5,2025-09-30,31.0,SIMULATED
3311,5,2025-10-01,31.83,SIMULATED
3312,5,2025-10-02,34.52,SIMULATED
3313,5,2025-10-03,36.3,SIMULATED
3314,5,2025-10-04,42.36,SIMULATED
3315,5,2025-10-05,41.64,SIMULATED
3316,5,2025-10-06,41.41,SIMULATED
3317,5,2025-10-07,48.67,SIMULATED
3318,5,2025-10-08,46.45,SIMULATED
3319,5,2025-10-09,43.17,SIMULATED
3320,5,2025-10-10,45.06,SIMULATED
3321,5,2025-10-11,41.53,SIMULATED
3322,5,2025-10-12,43.59,SIMULATED
3323,5,2025-10-13,41.84,SIMULATED
3324,5,2025-10-14,42.66,SIMULATED
3325,5,2025-10-15,47.18,SIMULATED
3326,5,2025-10-16,48.36,SIMULATED
3327,5,2025-10-17,56.79,SIMULATED
3328,5,2025-10-18,62.62,SIMULATED
3329,5,2025-10-19,61.43,SIMULATED
3330,5,2025-10-20,51.73,SIMULATED
3331,5,2025-10-21,52.6,SIMULATED
3332,5,2025-10-22,64.15,SIMULATED
3333,5,2025-10-23,57.15,SIMULATED
3334,5,2025-10-24,74.32,SIMULATED
3335,5,2025-10-25,68.61,SIMULATED
3336,5,2025-10-26,66.15,SIMULATED
3337,5,2025-10-27,65.16,SIMULATED
3338,5,2025-10-28,59.05,SIMULATED
3339,5,2025-10-29,58.81,SIMULATED
3340,5,2025-10-30,60.71,SIMULATED
3341,5,2025-10-31,58.8,SIMULATED
3342,5,2025-11-01,58.75,SIMULATED
3343,5,2025-11-02,55.27,SIMULATED
3344,5,2025-11-03,56.19,SIMULATED
3345,5,2025-11-04,57.68,SIMULATED
3346,5,2025-11-05,50.48,SIMULATED
3347,5,2025-11-06,50.47,SIMULATED
3348,5,2025-11-07,46.57,SIMULATED
3349,5,2025-11-08,48.63,SIMULATED
3350,5,2025-11-09,48.14,SIMULATED
3351,5,2025-11-10,44.4,SIMULATED
3352,5,2025-11-11,44.54,SIMULATED
3353,5,2025-11-12,42.87,SIMULATED
3354,5,2025-11-13,38.48,SIMULATED
3355,5,2025-11-14,39.75,SIMULATED
3356,5,2025-11-15,42.61,SIMULATED
3357,5,2025-11-16,45.84,SIMULATED
3358,5,2025-11-17,40.22,SIMULATED
3359,5,2025-11-18,37.05,SIMULATED
3360,5,2025-11-19,39.42,SIMULATED
3361,5,2025-11-20,42.96,SIMULATED
3362,5,2025-11-21,46.93,SIMULATED
3363,5,2025-11-22,44.64,SIMULATED
3364,5,2025-11-23,40.46,SIMULATED
3365,5,2025-11-24,39.72,SIMULATED
3366,5,2025-11-25,41.01,SIMULATED
3367,5,2025-11-26,41.76,SIMULATED
3368,5,2025-11-27,40.04,SIMULATED
3369,5,2025-11-28,51.26,SIMULATED
3370,5,2025-11-29,51.46,SIMULATED
3371,5,2025-11-30,53.67,SIMULATED
3372,5,2025-12-01,41.35,SIMULATED
3373,5,2025-12-02,33.46,SIMULATED
3374,5,2025-12-03,36.63,SIMULATED
3375,5,2025-12-04,42.09,SIMULATED
3376,5,2025-12-05,37.03,SIMULATED
3377,5,2025-12-06,31.33,SIMULATED
3378,5,2025-12-07,27.71,SIMULATED
3379,5,2025-12-08,27.97,SIMULATED
3380,5,2025-12-09,28.47,SIMULATED
3381,5,2025-12-10,30.02,SIMULATED
3382,5,2025-12-11,30.41,SIMULATED
3383,5,2025-12-12,32.61,SIMULATED
3384,5,2025-12-13,28.36,SIMULATED
3385,5,2025-12-14,32.34,SIMULATED
3386,5,2025-12-15,28.33,SIMULATED
3387,5,2025-12-16,32.25,SIMULATED
3388,5,2025-12-17,32.7,SIMULATED
3389,5,2025-12-18,35.08,SIMULATED
3390,5,2025-12-19,30.07,SIMULATED
3391,5,2025-12-20,32.38,SIMULATED
3392,5,2025-12-21,35.84,SIMULATED
3393,5,2025-12-22,33.19,SIMULATED
3394,5,2025-12-23,29.83,SIMULATED
3395,5,2025-12-24,26.69,SIMULATED
3396,5,2025-12-25,24.96,SIMULATED
3397,5,2025-12-26,23.46,SIMULATED
3398,5,2025-12-27,23.04,SIMULATED
3399,5,2025-12-28,26.56,SIMULATED
3400,5,2025-12-29,17.48,SIMULATED
3401,5,2025-12-30,18.26,SIMULATED
3402,5,2025-12-31,18.33,SIMULATED
3403,5,2026-01-01,21.87,SIMULATED
3404,5,2026-01-02,16.52,SIMULATED
3405,5,2026-01-03,23.2,SIMULATED
3406,5,2026-01-04,24.53,SIMULATED
3407,5,2026-01-05,19.45,SIMULATED
3408,5,2026-01-06,27.36,SIMULATED
3409,5,2026-01-07,25.34,SIMULATED
3410,5,2026-01-08,29.73,SIMULATED
3411,5,2026-01-09,26.15,SIMULATED
3412,5,2026-01-10,27.59,SIMULATED
3413,5,2026-01-11,26.18,SIMULATED
3414,5,2026-01-12,22.63,SIMULATED
3415,5,2026-01-13,24.86,SIMULATED
3416,5,2026-01-14,25.84,SIMULATED
3417,5,2026-01-15,25.87,SIMULATED
3418,5,2026-01-16,29.73,SIMULATED
3419,5,2026-01-17,29.58,SIMULATED
3420,5,2026-01-18,31.97,SIMULATED
3421,5,2026-01-19,27.84,SIMULATED
3422,5,2026-01-20,34.17,SIMULATED
3423,5,2026-01-21,43.06,SIMULATED
3424,5,2026-01-22,33.24,SIMULATED
3425,5,2026-01-23,34.66,SIMULATED
3426,5,2026-01-24,39.19,SIMULATED
3427,5,2026-01-25,35.74,SIMULATED
3428,5,2026-01-26,38.98,SIMULATED
3429,5,2026-01-27,37.22,SIMULATED
3430,5,2026-01-28,33.48,SIMULATED
3431,5,2026-01-29,31.91,SIMULATED
3432,5,2026-01-30,31.58,SIMULATED
3433,5,2026-01-31,32.2,SIMULATED
3434,5,2026-02-01,35.4,SIMULATED
3435,5,2026-02-02,28.6,SIMULATED
3436,5,2026-02-03,24.63,SIMULATED
3437,5,2026-02-04,25.52,SIMULATED
3438,5,2026-02-05,30.31,SIMULATED
3439,5,2026-02-06,28.03,SIMULATED
3440,5,2026-02-07,28.55,SIMULATED
3441,5,2026-02-08,22.01,SIMULATED
3442,5,2026-02-09,24.16,SIMULATED
3443,5,2026-02-10,25.43,SIMULATED
3444,5,2026-02-11,29.8,SIMULATED
3445,5,2026-02-12,32.37,SIMULATED
3446,5,2026-02-13,43.36,SIMULATED
3447,5,2026-02-14,38.69,SIMULATED
3448,5,2026-02-15,42.44,SIMULATED
3449,5,2026-02-16,38.34,SIMULATED
3450,5,2026-02-17,38.05,SIMULATED
3451,5,2026-02-18,36.83,SIMULATED
3452,5,2026-02-19,33.8,SIMULATED
3453,5,2026-02-20,29.55,SIMULATED
3454,5,2026-02-21,29.24,SIMULATED
3455,5,2026-02-22,28.94,SIMULATED
3456,5,2026-02-23,32.79,SIMULATED
3457,5,2026-02-24,34.74,SIMULATED
3458,5,2026-02-25,34.97,SIMULATED
3459,5,2026-02-26,39.22,SIMULATED
3460,5,2026-02-27,32.14,SIMULATED
3461,5,2026-02-28,27.76,SIMULATED
3462,5,2026-03-01,28.9,SIMULATED
3463,5,2026-03-02,27.3,SIMULATED
3464,5,2026-03-03,20.63,SIMULATED
3465,5,2026-03-04,14.77,SIMULATED
3466,5,2026-03-05,15.08,SIMULATED
3467,5,2026-03-06,16.17,SIMULATED
3468,5,2026-03-07,16.19,SIMULATED
3469,5,2026-03-08,16.52,SIMULATED
3470,5,2026-03-09,13.88,SIMULATED
3471,5,2026-03-10,13.44,SIMULATED
3472,5,2026-03-11,9.13,SIMULATED
3473,5,2026-03-12,5.0,SIMULATED
3474,5,2026-03-13,12.39,SIMULATED
3475,5,2026-03-14,16.49,SIMULATED
3476,5,2026-03-15,17.54,SIMULATED
3477,5,2026-03-16,13.25,SIMULATED
3478,5,2026-03-17,5.97,SIMULATED
3479,5,2026-03-18,13.62,SIMULATED
3480,5,2026-03-19,12.16,SIMULATED
3481,5,2026-03-20,15.98,SIMULATED
3482,5,2026-03-21,17.12,SIMULATED
3483,5,2026-03-22,21.2,SIMULATED
3484,5,2026-03-23,17.6,SIMULATED
3485,5,2026-03-24,18.05,SIMULATED
3486,5,2026-03-25,19.16,SIMULATED
3487,5,2026-03-26,21.36,SIMULATED
3488,5,2026-03-27,23.51,SIMULATED
3489,5,2026-03-28,23.46,SIMULATED
3490,5,2026-03-29,23.04,SIMULATED
3491,5,2026-03-30,23.39,SIMULATED
3492,5,2026-03-31,24.67,SIMULATED
3493,5,2026-04-01,31.4,SIMULATED
3494,5,2026-04-02,36.89,SIMULATED
3495,5,2026-04-03,42.07,SIMULATED
3496,5,2026-04-04,42.67,SIMULATED
3497,5,2026-04-05,47.4,SIMULATED
3498,5,2026-04-06,49.04,SIMULATED
3499,5,2026-04-07,67.39,SIMULATED
3500,5,2026-04-08,65.19,SIMULATED
3501,5,2026-04-09,65.23,SIMULATED
3502,5,2026-04-10,78.82,SIMULATED
3503,5,2026-04-11,78.46,SIMULATED
3504,5,2026-04-12,75.96,SIMULATED
3505,5,2026-04-13,73.64,SIMULATED
3506,5,2026-04-14,70.56,SIMULATED
3507,5,2026-04-15,68.2,SIMULATED
3508,5,2026-04-16,68.92,SIMULATED
3509,5,2026-04-17,70.38,SIMULATED
3510,5,2026-04-18,73.43,SIMULATED
3511,5,2026-04-19,72.27,SIMULATED
3512,5,2026-04-20,67.91,SIMULATED
3513,5,2026-04-21,58.73,SIMULATED
3514,5,2026-04-22,54.68,SIMULATED
3515,5,2026-04-23,55.25,SIMULATED
3516,5,2026-04-24,55.45,SIMULATED
3517,5,2026-04-25,55.23,SIMULATED
3518,5,2026-04-26,60.78,SIMULATED
3519,5,2026-04-27,61.24,SIMULATED
3520,5,2026-04-28,60.62,SIMULATED
3521,5,2026-04-29,58.95,SIMULATED
3522,5,2026-04-30,52.91,SIMULATED
3523,5,2026-05-01,51.86,SIMULATED
3524,5,2026-05-02,48.51,SIMULATED
3525,5,2026-05-03,51.15,SIMULATED
3526,5,2026-05-04,49.26,SIMULATED
3527,5,2026-05-05,59.2,SIMULATED
3528,5,2026-05-06,62.83,SIMULATED
3529,5,2026-05-07,62.0,SIMULATED
3530,5,2026-05-08,64.78,SIMULATED
3531,5,2026-05-09,74.13,SIMULATED
3532,5,2026-05-10,72.96,SIMULATED
3533,5,2026-05-11,66.94,SIMULATED
3534,5,2026-05-12,59.32,SIMULATED
3535,5,2026-05-13,63.77,SIMULATED
3536,5,2026-05-14,68.36,SIMULATED
3537,5,2026-05-15,63.11,SIMULATED
3538,5,2026-05-16,63.74,SIMULATED
3539,5,2026-05-17,60.32,SIMULATED
3540,5,2026-05-18,55.48,SIMULATED
3541,5,2026-05-19,57.45,SIMULATED
3542,5,2026-05-20,50.48,SIMULATED
3543,5,2026-05-21,50.47,SIMULATED
3544,5,2026-05-22,47.02,SIMULATED
3545,5,2026-05-23,39.51,SIMULATED
3546,5,2026-05-24,40.22,SIMULATED
3547,5,2026-05-25,41.7,SIMULATED
3548,5,2026-05-26,50.04,SIMULATED
3549,5,2026-05-27,52.59,SIMULATED
3550,5,2026-05-28,51.47,SIMULATED
3551,5,2026-05-29,51.8,SIMULATED
3552,5,2026-05-30,55.93,SIMULATED
3553,5,2026-05-31,49.69,SIMULATED
3554,5,2026-06-01,48.06,SIMULATED
3555,5,2026-06-02,42.98,SIMULATED
3556,5,2026-06-03,43.42,SIMULATED
3557,5,2026-06-04,36.22,SIMULATED
3558,5,2026-06-05,35.09,SIMULATED
3559,5,2026-06-06,34.74,SIMULATED
3560,5,2026-06-07,35.87,SIMULATED
3561,5,2026-06-08,41.68,SIMULATED
3562,5,2026-06-09,42.95,SIMULATED
3563,5,2026-06-10,41.72,SIMULATED
3564,5,2026-06-11,32.94,SIMULATED
3565,5,2026-06-12,33.87,SIMULATED
3566,5,2026-06-13,42.0,SIMULATED
3567,5,2026-06-14,44.99,SIMULATED
3568,5,2026-06-15,49.62,SIMULATED
3569,5,2026-06-16,52.36,SIMULATED
3570,5,2026-06-17,54.37,SIMULATED
3571,5,2026-06-18,52.54,SIMULATED
3572,5,2026-06-19,47.66,SIMULATED
3573,5,2026-06-20,50.48,SIMULATED
3574,5,2026-06-21,53.62,SIMULATED
3575,5,2026-06-22,48.42,SIMULATED
3576,5,2026-06-23,44.89,SIMULATED
3577,5,2026-06-24,39.24,SIMULATED
3578,5,2026-06-25,44.21,SIMULATED
3579,5,2026-06-26,43.06,SIMULATED
3580,5,2026-06-27,35.41,SIMULATED
3581,5,2026-06-28,33.03,SIMULATED
3582,5,2026-06-29,37.98,SIMULATED
3583,5,2026-06-30,40.96,SIMULATED
3584,5,2026-07-01,33.86,SIMULATED
3585,5,2026-07-02,34.85,SIMULATED
3586,5,2026-07-03,34.07,SIMULATED
3587,5,2026-07-04,38.89,SIMULATED
3588,5,2026-07-05,41.95,SIMULATED
3589,5,2026-07-06,38.91,SIMULATED
3590,5,2026-07-07,36.1,SIMULATED
3591,5,2026-07-08,37.62,SIMULATED
3592,5,2026-07-09,36.11,SIMULATED
3593,5,2026-07-10,37.75,SIMULATED
3594,5,2026-07-11,29.24,SIMULATED
3595,5,2026-07-12,29.24,SIMULATED
3596,5,2026-07-13,23.51,SIMULATED
3597,5,2026-07-14,23.55,SIMULATED
3598,5,2026-07-15,25.51,SIMULATED
3599,5,2026-07-16,25.49,SIMULATED
3600,5,2026-07-17,27.26,SIMULATED
3601,5,2026-07-18,31.26,SIMULATED
3602,5,2026-07-19,35.06,SIMULATED
3603,5,2026-07-20,38.62,SIMULATED
3604,5,2026-07-21,35.15,SIMULATED
3605,5,2026-07-22,39.74,SIMULATED
3606,5,2026-07-23,33.08,SIMULATED
3607,5,2026-07-24,34.94,SIMULATED
3608,5,2026-07-25,34.78,SIMULATED
3609,5,2026-07-26,40.35,SIMULATED
3610,5,2026-07-27,37.53,SIMULATED
3611,5,2026-07-28,42.17,SIMULATED
3612,5,2026-07-29,41.54,SIMULATED
3613,5,2026-07-30,33.83,SIMULATED
3614,5,2026-07-31,36.73,SIMULATED
3615,5,2026-08-01,42.24,SIMULATED
3616,5,2026-08-02,40.37,SIMULATED
3617,5,2026-08-03,32.51,SIMULATED
3618,5,2026-08-04,44.82,SIMULATED
3619,5,2026-08-05,45.61,SIMULATED
3620,5,2026-08-06,45.79,SIMULATED
3621,5,2026-08-07,40.74,SIMULATED
3622,5,2026-08-08,37.77,SIMULATED
3623,5,2026-08-09,42.27,SIMULATED
3624,5,2026-08-10,44.18,SIMULATED
3625,5,2026-08-11,50.48,SIMULATED
3626,5,2026-08-12,52.89,SIMULATED
3627,5,2026-08-13,50.19,SIMULATED
3628,5,2026-08-14,42.82,SIMULATED
3629,5,2026-08-15,46.57,SIMULATED
3630,5,2026-08-16,43.05,SIMULATED
3631,5,2026-08-17,40.07,SIMULATED
3632,5,2026-08-18,42.08,SIMULATED
3633,5,2026-08-19,43.02,SIMULATED
3634,5,2026-08-20,43.64,SIMULATED
3635,5,2026-08-21,45.67,SIMULATED
3636,5,2026-08-22,43.62,SIMULATED
3637,5,2026-08-23,56.41,SIMULATED
3638,5,2026-08-24,47.77,SIMULATED
3639,5,2026-08-25,46.56,SIMULATED
3640,5,2026-08-26,40.24,SIMULATED
3641,5,2026-08-27,39.1,SIMULATED
3642,5,2026-08-28,41.29,SIMULATED
3643,5,2026-08-29,44.45,SIMULATED
3644,5,2026-08-30,45.55,SIMULATED
3645,5,2026-08-31,41.12,SIMULATED
3646,5,2026-09-01,41.34,SIMULATED
3647,5,2026-09-02,52.13,SIMULATED
3648,5,2026-09-03,52.29,SIMULATED
3649,5,2026-09-04,50.98,SIMULATED
3650,5,2026-09-05,48.28,SIMULATED
3651,5,2026-09-06,42.83,SIMULATED
3652,5,2026-09-07,41.1,SIMULATED
3653,5,2026-09-08,37.99,SIMULATED
3654,5,2026-09-09,36.17,SIMULATED
3655,5,2026-09-10,37.17,SIMULATED
